timestamp,open,high,low,close,volume,instrument,timeframe
2026-03-10 00:00:00,47535.69,47563.75,47488.72,47502.25,0,DOW,15m
2026-03-10 00:15:00,47501.18,47617.71,47501.18,47617.24,0,DOW,15m
2026-03-10 00:30:00,47615.72,47676.7,47574.74,47663.16,0,DOW,15m
2026-03-10 00:45:00,47662.15,47671.45,47608.19,47613.22,0,DOW,15m
2026-03-10 01:00:00,47612.66,47675.16,47596.15,47657.21,0,DOW,15m
2026-03-10 01:15:00,47656.19,47670.25,47610.66,47614.18,0,DOW,15m
2026-03-10 01:30:00,47615.25,47631.69,47596.65,47614.25,0,DOW,15m
2026-03-10 01:45:00,47613.65,47693.7,47607.45,47673.24,0,DOW,15m
2026-03-10 02:00:00,47673.19,47680.95,47656.19,47671.71,0,DOW,15m
2026-03-10 02:15:00,47672.24,47674.45,47648.2,47659.16,0,DOW,15m
2026-03-10 02:30:00,47660.2,47661.16,47610.15,47616.65,0,DOW,15m
2026-03-10 02:45:00,47616.21,47620.15,47547.7,47553.21,0,DOW,15m
2026-03-10 03:00:00,47554.7,47601.25,47548.65,47583.65,0,DOW,15m
2026-03-10 03:15:00,47584.18,47627.16,47555.18,47564.75,0,DOW,15m
2026-03-10 03:30:00,47564.18,47568.75,47499.69,47499.69,0,DOW,15m
2026-03-10 03:45:00,47500.15,47535.45,47461.7,47511.25,0,DOW,15m
2026-03-10 04:00:00,47512.19,47530.45,47480.74,47525.15,0,DOW,15m
2026-03-10 04:15:00,47525.74,47546.25,47517.16,47528.15,0,DOW,15m
2026-03-10 04:30:00,47529.15,47567.21,47523.15,47548.15,0,DOW,15m
2026-03-10 04:45:00,47547.2,47562.15,47525.69,47551.95,0,DOW,15m
2026-03-10 05:00:00,47553.21,47639.16,47550.15,47618.72,0,DOW,15m
2026-03-10 05:15:00,47620.18,47633.18,47590.69,47614.74,0,DOW,15m
2026-03-10 05:30:00,47614.45,47633.25,47599.16,47619.15,0,DOW,15m
2026-03-10 05:45:00,47618.75,47651.21,47612.72,47643.22,0,DOW,15m
2026-03-10 06:00:00,47641.68,47656.18,47634.2,47651.24,0,DOW,15m
2026-03-10 06:15:00,47650.68,47656.24,47619.45,47652.2,0,DOW,15m
2026-03-10 06:30:00,47652.68,47675.71,47646.15,47648.75,0,DOW,15m
2026-03-10 06:45:00,47649.24,47663.69,47629.68,47649.16,0,DOW,15m
2026-03-10 07:00:00,47644.68,47753.15,47621.21,47707.24,0,DOW,15m
2026-03-10 07:15:00,47705.72,47841.18,47703.69,47833.2,0,DOW,15m
2026-03-10 07:30:00,47834.7,47848.15,47772.18,47833.19,0,DOW,15m
2026-03-10 07:45:00,47833.68,47866.19,47815.2,47862.22,0,DOW,15m
2026-03-10 08:00:00,47863.45,47908.16,47831.65,47854.19,0,DOW,15m
2026-03-10 08:15:00,47853.25,47921.75,47827.21,47907.69,0,DOW,15m
2026-03-10 08:30:00,47906.24,47941.75,47877.81,47920.18,0,DOW,15m
2026-03-10 08:45:00,47919.65,47947.25,47834.22,47845.16,0,DOW,15m
2026-03-10 09:00:00,47842.19,47948.21,47838.16,47933.68,0,DOW,15m
2026-03-10 09:15:00,47934.72,47936.18,47892.22,47919.66,0,DOW,15m
2026-03-10 09:30:00,47921.19,47949.45,47903.71,47940.74,0,DOW,15m
2026-03-10 09:45:00,47940.22,47942.24,47889.19,47893.71,0,DOW,15m
2026-03-10 10:00:00,47892.85,47900.24,47817.69,47820.75,0,DOW,15m
2026-03-10 10:15:00,47820.16,47866.74,47793.19,47860.74,0,DOW,15m
2026-03-10 10:30:00,47861.15,47871.15,47752.68,47818.71,0,DOW,15m
2026-03-10 10:45:00,47819.25,47838.45,47785.68,47832.16,0,DOW,15m
2026-03-10 11:00:00,47832.71,47924.66,47773.84,47775.71,0,DOW,15m
2026-03-10 11:15:00,47776.45,47789.72,47727.72,47743.75,0,DOW,15m
2026-03-10 11:30:00,47744.71,47748.15,47662.18,47663.22,0,DOW,15m
2026-03-10 11:45:00,47663.68,47693.22,47639.68,47660.69,0,DOW,15m
2026-03-10 12:00:00,47664.74,47668.65,47513.68,47562.7,0,DOW,15m
2026-03-10 12:15:00,47562.15,47600.25,47524.8,47526.19,0,DOW,15m
2026-03-10 12:30:00,47525.05,47584.25,47497.16,47570.65,0,DOW,15m
2026-03-10 12:45:00,47571.15,47649.22,47567.2,47607.21,0,DOW,15m
2026-03-10 13:00:00,47619.95,47673.21,47609.74,47639.21,0,DOW,15m
2026-03-10 13:15:00,47639.21,47702.72,47634.75,47702.72,0,DOW,15m
2026-03-10 13:30:00,47703.2,47771.19,47534.16,47605.65,0,DOW,15m
2026-03-10 13:45:00,47601.7,47627.22,47452.45,47482.82,0,DOW,15m
2026-03-10 14:00:00,47490.75,47610.66,47432.65,47512.7,0,DOW,15m
2026-03-10 14:15:00,47515.7,47726.65,47483.16,47694.68,0,DOW,15m
2026-03-10 14:30:00,47696.2,47913.16,47695.72,47904.4,0,DOW,15m
2026-03-10 14:45:00,47906.92,47996.26,47859.29,47989.4,0,DOW,15m
2026-03-10 15:00:00,47986.34,48009.28,47903.52,47920.11,0,DOW,15m
2026-03-10 15:15:00,47921.67,48013.39,47919.6,47997.12,0,DOW,15m
2026-03-10 15:30:00,47996.35,48043.47,47963.45,48022.81,0,DOW,15m
2026-03-10 15:45:00,48021.84,48038.75,47961.44,47996.47,0,DOW,15m
2026-03-10 16:00:00,47994.0,47997.99,47868.87,47944.27,0,DOW,15m
2026-03-10 16:15:00,47943.3,47992.71,47923.8,47944.67,0,DOW,15m
2026-03-10 16:30:00,47945.16,48056.43,47945.16,48028.68,0,DOW,15m
2026-03-10 16:45:00,48029.16,48051.87,47953.74,48023.66,0,DOW,15m
2026-03-10 17:00:00,48023.18,48103.48,48013.08,48064.29,0,DOW,15m
2026-03-10 17:15:00,48066.34,48221.2,48059.58,48212.14,0,DOW,15m
2026-03-10 17:30:00,48211.68,48211.68,48015.98,48055.02,0,DOW,15m
2026-03-10 17:45:00,48054.56,48162.99,48046.15,48116.08,0,DOW,15m
2026-03-10 18:00:00,48116.51,48129.76,47844.53,47846.1,0,DOW,15m
2026-03-10 18:15:00,47845.52,47938.33,47726.09,47887.39,0,DOW,15m
2026-03-10 18:30:00,47888.44,47961.45,47799.67,47830.58,0,DOW,15m
2026-03-10 18:45:00,47830.14,47910.31,47801.75,47831.98,0,DOW,15m
2026-03-10 19:00:00,47841.39,47885.74,47819.93,47871.61,0,DOW,15m
2026-03-10 19:15:00,47872.14,47908.97,47733.34,47735.84,0,DOW,15m
2026-03-10 19:30:00,47736.84,47805.02,47690.1,47756.74,0,DOW,15m
2026-03-10 19:45:00,47754.97,47777.43,47655.11,47704.09,0,DOW,15m
2026-03-10 20:00:00,47706.57,47766.1,47699.13,47758.65,0,DOW,15m
2026-03-10 20:15:00,47758.65,47758.65,47758.65,47758.65,0,DOW,15m
2026-03-10 20:30:00,47758.65,47758.65,47758.65,47758.65,0,DOW,15m
2026-03-10 20:45:00,47758.65,47758.65,47758.65,47758.65,0,DOW,15m
2026-03-10 21:00:00,47758.65,47758.65,47758.65,47758.65,0,DOW,15m
2026-03-10 21:15:00,47758.65,47758.65,47758.65,47758.65,0,DOW,15m
2026-03-10 21:30:00,47758.65,47758.65,47758.65,47758.65,0,DOW,15m
2026-03-10 21:45:00,47758.65,47758.65,47758.65,47758.65,0,DOW,15m
2026-03-10 22:00:00,47742.6,47742.6,47687.24,47730.6,0,DOW,15m
2026-03-10 22:15:00,47730.2,47735.2,47682.66,47683.7,0,DOW,15m
2026-03-10 22:30:00,47684.14,47695.66,47656.18,47659.63,0,DOW,15m
2026-03-10 22:45:00,47660.19,47671.69,47654.15,47671.69,0,DOW,15m
2026-03-10 23:00:00,47671.19,47710.14,47668.6,47707.9,0,DOW,15m
2026-03-10 23:15:00,47708.65,47722.15,47696.1,47713.19,0,DOW,15m
2026-03-10 23:30:00,47714.12,47715.9,47696.63,47698.64,0,DOW,15m
2026-03-10 23:45:00,47698.4,47759.66,47696.13,47747.1,0,DOW,15m
2026-03-11 00:00:00,47750.18,47832.4,47744.12,47816.13,0,DOW,15m
2026-03-11 00:15:00,47817.1,47868.15,47804.13,47835.2,0,DOW,15m
2026-03-11 00:30:00,47834.69,47847.15,47811.9,47835.4,0,DOW,15m
2026-03-11 00:45:00,47834.19,47855.2,47823.1,47833.16,0,DOW,15m
2026-03-11 01:00:00,47833.64,47867.13,47818.14,47867.13,0,DOW,15m
2026-03-11 01:15:00,47864.68,47879.66,47856.69,47872.19,0,DOW,15m
2026-03-11 01:30:00,47871.18,47909.19,47868.1,47903.14,0,DOW,15m
2026-03-11 01:45:00,47903.7,47906.1,47877.1,47886.18,0,DOW,15m
2026-03-11 02:00:00,47885.2,47892.4,47874.1,47881.4,0,DOW,15m
2026-03-11 02:15:00,47882.16,47912.19,47881.13,47889.65,0,DOW,15m
2026-03-11 02:30:00,47890.16,47899.64,47857.1,47879.66,0,DOW,15m
2026-03-11 02:45:00,47879.13,47897.19,47871.6,47890.1,0,DOW,15m
2026-03-11 03:00:00,47889.62,47898.19,47877.62,47889.13,0,DOW,15m
2026-03-11 03:15:00,47889.63,47900.15,47887.66,47895.4,0,DOW,15m
2026-03-11 03:30:00,47894.64,47930.68,47894.6,47928.4,0,DOW,15m
2026-03-11 03:45:00,47925.68,47933.62,47908.15,47923.12,0,DOW,15m
2026-03-11 04:00:00,47924.16,47924.64,47901.12,47910.62,0,DOW,15m
2026-03-11 04:15:00,47911.13,47922.65,47908.7,47917.2,0,DOW,15m
2026-03-11 04:30:00,47916.9,47918.16,47896.69,47896.69,0,DOW,15m
2026-03-11 04:45:00,47897.6,47906.4,47884.15,47888.1,0,DOW,15m
2026-03-11 05:00:00,47887.63,47896.68,47852.13,47858.19,0,DOW,15m
2026-03-11 05:15:00,47857.64,47882.66,47852.15,47869.13,0,DOW,15m
2026-03-11 05:30:00,47869.64,47869.69,47841.16,47842.65,0,DOW,15m
2026-03-11 05:45:00,47843.9,47844.69,47811.13,47816.14,0,DOW,15m
2026-03-11 06:00:00,47818.1,47827.16,47796.9,47826.16,0,DOW,15m
2026-03-11 06:15:00,47825.62,47829.18,47793.68,47809.9,0,DOW,15m
2026-03-11 06:30:00,47810.14,47850.7,47810.14,47846.63,0,DOW,15m
2026-03-11 06:45:00,47846.2,47847.4,47816.14,47835.12,0,DOW,15m
2026-03-11 07:00:00,47835.15,47846.65,47793.65,47836.7,0,DOW,15m
2026-03-11 07:15:00,47839.19,47839.6,47767.1,47772.2,0,DOW,15m
2026-03-11 07:30:00,47773.16,47782.68,47683.6,47700.64,0,DOW,15m
2026-03-11 07:45:00,47700.4,47755.65,47686.12,47732.12,0,DOW,15m
2026-03-11 08:00:00,47732.69,47767.4,47719.1,47757.14,0,DOW,15m
2026-03-11 08:15:00,47756.14,47763.19,47695.62,47714.6,0,DOW,15m
2026-03-11 08:30:00,47715.18,47758.7,47653.1,47674.7,0,DOW,15m
2026-03-11 08:45:00,47675.14,47680.7,47568.9,47619.65,0,DOW,15m
2026-03-11 09:00:00,47618.28,47623.9,47536.5,47549.4,0,DOW,15m
2026-03-11 09:15:00,47548.64,47615.14,47539.1,47540.15,0,DOW,15m
2026-03-11 09:30:00,47541.16,47586.66,47530.6,47564.68,0,DOW,15m
2026-03-11 09:45:00,47564.19,47581.15,47516.9,47531.14,0,DOW,15m
2026-03-11 10:00:00,47532.2,47665.64,47531.15,47662.14,0,DOW,15m
2026-03-11 10:15:00,47661.63,47683.68,47642.16,47674.65,0,DOW,15m
2026-03-11 10:30:00,47674.1,47777.63,47663.13,47774.68,0,DOW,15m
2026-03-11 10:45:00,47775.4,47804.64,47755.13,47803.9,0,DOW,15m
2026-03-11 11:00:00,47801.63,47843.12,47781.14,47818.1,0,DOW,15m
2026-03-11 11:15:00,47819.13,47825.69,47696.65,47704.65,0,DOW,15m
2026-03-11 11:30:00,47705.15,47717.66,47640.66,47665.62,0,DOW,15m
2026-03-11 11:45:00,47666.12,47668.64,47602.18,47626.15,0,DOW,15m
2026-03-11 12:00:00,47626.62,47659.18,47599.65,47627.62,0,DOW,15m
2026-03-11 12:15:00,47625.69,47672.7,47611.69,47657.29,0,DOW,15m
2026-03-11 12:30:00,47664.22,47709.62,47513.9,47533.1,0,DOW,15m
2026-03-11 12:45:00,47534.7,47537.2,47472.14,47520.66,0,DOW,15m
2026-03-11 13:00:00,47527.64,47638.7,47524.9,47559.65,0,DOW,15m
2026-03-11 13:15:00,47560.2,47671.12,47552.6,47668.63,0,DOW,15m
2026-03-11 13:30:00,47671.64,47703.63,47479.66,47500.64,0,DOW,15m
2026-03-11 13:45:00,47502.64,47512.1,47368.68,47497.18,0,DOW,15m
2026-03-11 14:00:00,47489.14,47574.7,47446.6,47528.13,0,DOW,15m
2026-03-11 14:15:00,47527.7,47545.6,47283.9,47340.19,0,DOW,15m
2026-03-11 14:30:00,47339.12,47555.66,47331.69,47536.6,0,DOW,15m
2026-03-11 14:45:00,47537.7,47589.66,47480.65,47567.12,0,DOW,15m
2026-03-11 15:00:00,47568.9,47624.9,47330.38,47332.42,0,DOW,15m
2026-03-11 15:15:00,47331.93,47415.42,47281.89,47286.44,0,DOW,15m
2026-03-11 15:30:00,47286.88,47315.35,47241.3,47241.86,0,DOW,15m
2026-03-11 15:45:00,47242.29,47301.51,47217.6,47227.0,0,DOW,15m
2026-03-11 16:00:00,47224.98,47245.62,47181.68,47237.14,0,DOW,15m
2026-03-11 16:15:00,47236.66,47265.34,47190.54,47254.92,0,DOW,15m
2026-03-11 16:30:00,47255.14,47377.84,47255.14,47336.46,0,DOW,15m
2026-03-11 16:45:00,47336.95,47397.68,47309.85,47396.36,0,DOW,15m
2026-03-11 17:00:00,47394.86,47423.16,47351.39,47370.81,0,DOW,15m
2026-03-11 17:15:00,47369.28,47462.41,47347.27,47440.16,0,DOW,15m
2026-03-11 17:30:00,47442.64,47451.16,47221.65,47278.21,0,DOW,15m
2026-03-11 17:45:00,47280.74,47387.58,47267.0,47331.54,0,DOW,15m
2026-03-11 18:00:00,47328.01,47362.68,47255.04,47307.88,0,DOW,15m
2026-03-11 18:15:00,47308.41,47405.99,47301.4,47384.44,0,DOW,15m
2026-03-11 18:30:00,47384.94,47393.43,47332.45,47356.79,0,DOW,15m
2026-03-11 18:45:00,47357.52,47386.38,47324.8,47342.02,0,DOW,15m
2026-03-11 19:00:00,47340.45,47351.32,47276.15,47299.43,0,DOW,15m
2026-03-11 19:15:00,47300.67,47355.98,47285.26,47331.36,0,DOW,15m
2026-03-11 19:30:00,47331.91,47436.25,47315.54,47432.64,0,DOW,15m
2026-03-11 19:45:00,47432.23,47443.64,47377.99,47418.19,0,DOW,15m
2026-03-11 20:00:00,47420.23,47427.48,47369.25,47407.84,0,DOW,15m
2026-03-11 20:15:00,47407.84,47407.84,47407.84,47407.84,0,DOW,15m
2026-03-11 20:30:00,47407.84,47407.84,47407.84,47407.84,0,DOW,15m
2026-03-11 20:45:00,47407.84,47407.84,47407.84,47407.84,0,DOW,15m
2026-03-11 21:00:00,47407.84,47407.84,47407.84,47407.84,0,DOW,15m
2026-03-11 21:15:00,47407.84,47407.84,47407.84,47407.84,0,DOW,15m
2026-03-11 21:30:00,47407.84,47407.84,47407.84,47407.84,0,DOW,15m
2026-03-11 21:45:00,47407.84,47407.84,47407.84,47407.84,0,DOW,15m
2026-03-11 22:00:00,47337.1,47337.1,47226.44,47256.93,0,DOW,15m
2026-03-11 22:15:00,47257.7,47260.96,47141.99,47167.0,0,DOW,15m
2026-03-11 22:30:00,47169.93,47180.7,47077.44,47107.94,0,DOW,15m
2026-03-11 22:45:00,47108.5,47138.42,47091.5,47117.2,0,DOW,15m
2026-03-11 23:00:00,47113.58,47130.48,47045.59,47088.92,0,DOW,15m
2026-03-11 23:15:00,47089.44,47108.9,47017.49,47018.95,0,DOW,15m
2026-03-11 23:30:00,47018.4,47018.4,46926.44,46928.94,0,DOW,15m
2026-03-11 23:45:00,46928.7,47024.94,46910.52,47024.43,0,DOW,15m
2026-03-12 00:00:00,47034.2,47036.2,46926.7,46928.4,0,DOW,15m
2026-03-12 00:15:00,46932.42,46970.9,46900.94,46941.93,0,DOW,15m
2026-03-12 00:30:00,46941.44,46998.48,46940.94,46986.46,0,DOW,15m
2026-03-12 00:45:00,46986.2,46999.45,46959.5,46984.9,0,DOW,15m
2026-03-12 01:00:00,46986.0,46992.98,46932.98,46948.48,0,DOW,15m
2026-03-12 01:15:00,46947.46,46998.9,46947.46,46996.48,0,DOW,15m
2026-03-12 01:30:00,46996.98,47034.98,46995.99,47021.4,0,DOW,15m
2026-03-12 01:45:00,47020.94,47022.94,46918.94,46956.92,0,DOW,15m
2026-03-12 02:00:00,46957.7,46981.92,46947.9,46952.92,0,DOW,15m
2026-03-12 02:15:00,46953.92,46968.42,46909.98,46911.9,0,DOW,15m
2026-03-12 02:30:00,46908.43,46918.42,46802.9,46849.46,0,DOW,15m
2026-03-12 02:45:00,46849.95,46861.46,46821.42,46853.4,0,DOW,15m
2026-03-12 03:00:00,46853.94,46894.49,46848.54,46862.92,0,DOW,15m
2026-03-12 03:15:00,46862.44,46878.4,46842.5,46848.44,0,DOW,15m
2026-03-12 03:30:00,46849.43,46856.7,46823.46,46834.46,0,DOW,15m
2026-03-12 03:45:00,46835.45,46865.95,46829.42,46864.46,0,DOW,15m
2026-03-12 04:00:00,46863.44,46896.96,46858.49,46895.5,0,DOW,15m
2026-03-12 04:15:00,46893.96,46914.2,46888.99,46904.96,0,DOW,15m
2026-03-12 04:30:00,46904.43,46913.96,46857.0,46857.9,0,DOW,15m
2026-03-12 04:45:00,46858.42,46870.45,46852.42,46853.5,0,DOW,15m
2026-03-12 05:00:00,46852.98,46942.45,46851.5,46920.4,0,DOW,15m
2026-03-12 05:15:00,46919.92,46925.7,46891.46,46903.43,0,DOW,15m
2026-03-12 05:30:00,46903.98,46918.5,46885.5,46914.93,0,DOW,15m
2026-03-12 05:45:00,46914.49,46921.49,46871.54,46919.94,0,DOW,15m
2026-03-12 06:00:00,46918.5,46921.5,46885.44,46894.7,0,DOW,15m
2026-03-12 06:15:00,46895.93,46937.94,46891.92,46934.46,0,DOW,15m
2026-03-12 06:30:00,46934.93,46967.2,46927.48,46965.96,0,DOW,15m
2026-03-12 06:45:00,46966.93,46998.43,46961.0,46988.96,0,DOW,15m
2026-03-12 07:00:00,46990.94,47020.94,46983.44,47018.45,0,DOW,15m
2026-03-12 07:15:00,47019.49,47053.42,47012.93,47040.95,0,DOW,15m
2026-03-12 07:30:00,47039.93,47064.2,47007.92,47059.7,0,DOW,15m
2026-03-12 07:45:00,47059.96,47115.4,47023.2,47113.46,0,DOW,15m
2026-03-12 08:00:00,47114.46,47209.96,47114.45,47148.94,0,DOW,15m
2026-03-12 08:15:00,47149.9,47184.43,47118.42,47118.42,0,DOW,15m
2026-03-12 08:30:00,47118.96,47157.9,47081.06,47148.46,0,DOW,15m
2026-03-12 08:45:00,47148.93,47178.44,47119.2,47157.7,0,DOW,15m
2026-03-12 09:00:00,47158.93,47170.2,47070.3,47081.0,0,DOW,15m
2026-03-12 09:15:00,47080.4,47106.92,47025.44,47106.44,0,DOW,15m
2026-03-12 09:30:00,47109.98,47205.99,47108.2,47195.98,0,DOW,15m
2026-03-12 09:45:00,47197.44,47213.5,47173.94,47196.5,0,DOW,15m
2026-03-12 10:00:00,47199.96,47212.48,47157.4,47179.92,0,DOW,15m
2026-03-12 10:15:00,47180.45,47180.95,47150.9,47155.92,0,DOW,15m
2026-03-12 10:30:00,47156.99,47195.94,47138.92,47153.0,0,DOW,15m
2026-03-12 10:45:00,47151.9,47182.44,47126.99,47134.98,0,DOW,15m
2026-03-12 11:00:00,47134.48,47140.9,47088.42,47098.4,0,DOW,15m
2026-03-12 11:15:00,47099.42,47141.45,47098.94,47130.2,0,DOW,15m
2026-03-12 11:30:00,47131.43,47216.48,47131.43,47206.44,0,DOW,15m
2026-03-12 11:45:00,47206.0,47206.46,47088.46,47089.5,0,DOW,15m
2026-03-12 12:00:00,47088.94,47100.95,46979.96,47030.95,0,DOW,15m
2026-03-12 12:15:00,47032.98,47047.96,46999.4,47032.04,0,DOW,15m
2026-03-12 12:30:00,47026.04,47034.03,46971.9,47007.92,0,DOW,15m
2026-03-12 12:45:00,47007.5,47033.48,46980.48,47033.43,0,DOW,15m
2026-03-12 13:00:00,47041.96,47067.44,46991.46,46993.43,0,DOW,15m
2026-03-12 13:15:00,46993.98,46999.4,46886.45,46965.46,0,DOW,15m
2026-03-12 13:30:00,46965.94,46965.94,46796.5,46852.48,0,DOW,15m
2026-03-12 13:45:00,46851.5,46957.7,46784.43,46808.42,0,DOW,15m
2026-03-12 14:00:00,46809.46,47007.5,46809.46,46988.62,0,DOW,15m
2026-03-12 14:15:00,46989.38,46996.96,46724.3,46727.79,0,DOW,15m
2026-03-12 14:30:00,46728.76,46865.69,46717.07,46849.5,0,DOW,15m
2026-03-12 14:45:00,46850.44,46961.84,46778.48,46830.92,0,DOW,15m
2026-03-12 15:00:00,46844.31,46853.8,46701.47,46729.55,0,DOW,15m
2026-03-12 15:15:00,46728.52,46832.71,46716.03,46770.94,0,DOW,15m
2026-03-12 15:30:00,46769.65,46922.42,46675.73,46884.62,0,DOW,15m
2026-03-12 15:45:00,46885.07,46908.85,46807.83,46857.68,0,DOW,15m
2026-03-12 16:00:00,46858.73,46939.39,46761.4,46837.92,0,DOW,15m
2026-03-12 16:15:00,46835.94,47067.72,46833.46,46872.12,0,DOW,15m
2026-03-12 16:30:00,46870.34,46984.26,46833.62,46943.6,0,DOW,15m
2026-03-12 16:45:00,46942.58,46947.68,46814.38,46875.46,0,DOW,15m
2026-03-12 17:00:00,46872.4,46993.64,46848.25,46857.65,0,DOW,15m
2026-03-12 17:15:00,46857.17,46903.25,46797.94,46832.37,0,DOW,15m
2026-03-12 17:30:00,46832.67,46933.02,46821.46,46827.96,0,DOW,15m
2026-03-12 17:45:00,46828.9,46863.42,46759.04,46807.62,0,DOW,15m
2026-03-12 18:00:00,46808.32,46867.11,46806.7,46860.81,0,DOW,15m
2026-03-12 18:15:00,46861.87,46889.93,46743.46,46784.48,0,DOW,15m
2026-03-12 18:30:00,46783.78,46812.51,46732.39,46758.07,0,DOW,15m
2026-03-12 18:45:00,46758.77,46793.51,46730.24,46740.28,0,DOW,15m
2026-03-12 19:00:00,46738.28,46812.16,46721.7,46790.44,0,DOW,15m
2026-03-12 19:15:00,46790.9,46844.86,46774.7,46811.03,0,DOW,15m
2026-03-12 19:30:00,46812.0,46857.82,46773.52,46779.92,0,DOW,15m
2026-03-12 19:45:00,46777.9,46780.46,46661.33,46667.1,0,DOW,15m
2026-03-12 20:00:00,46666.58,46705.09,46657.18,46675.15,0,DOW,15m
2026-03-12 20:15:00,46675.15,46675.15,46675.15,46675.15,0,DOW,15m
2026-03-12 20:30:00,46675.15,46675.15,46675.15,46675.15,0,DOW,15m
2026-03-12 20:45:00,46675.15,46675.15,46675.15,46675.15,0,DOW,15m
2026-03-12 21:00:00,46675.15,46675.15,46675.15,46675.15,0,DOW,15m
2026-03-12 21:15:00,46675.15,46675.15,46675.15,46675.15,0,DOW,15m
2026-03-12 21:30:00,46675.15,46675.15,46675.15,46675.15,0,DOW,15m
2026-03-12 21:45:00,46675.15,46675.15,46675.15,46675.15,0,DOW,15m
2026-03-12 22:00:00,46753.8,46759.96,46696.59,46708.98,0,DOW,15m
2026-03-12 22:15:00,46712.43,46745.99,46681.94,46744.9,0,DOW,15m
2026-03-12 22:30:00,46743.48,46799.2,46740.43,46791.4,0,DOW,15m
2026-03-12 22:45:00,46790.96,46800.48,46763.44,46786.46,0,DOW,15m
2026-03-12 23:00:00,46786.92,46813.46,46784.0,46788.93,0,DOW,15m
2026-03-12 23:15:00,46788.48,46794.96,46763.9,46786.96,0,DOW,15m
2026-03-12 23:30:00,46787.94,46800.2,46766.45,46790.99,0,DOW,15m
2026-03-12 23:45:00,46791.94,46792.5,46738.95,46743.46,0,DOW,15m
2026-03-13 00:00:00,46740.98,46841.42,46698.0,46841.42,0,DOW,15m
2026-03-13 00:15:00,46840.94,46937.96,46840.48,46908.2,0,DOW,15m
2026-03-13 00:30:00,46908.45,46943.7,46900.93,46919.45,0,DOW,15m
2026-03-13 00:45:00,46918.98,46944.43,46893.95,46908.43,0,DOW,15m
2026-03-13 01:00:00,46908.2,46965.43,46908.2,46935.92,0,DOW,15m
2026-03-13 01:15:00,46937.2,46948.92,46915.46,46920.43,0,DOW,15m
2026-03-13 01:30:00,46920.99,46928.98,46895.46,46899.96,0,DOW,15m
2026-03-13 01:45:00,46899.5,46904.94,46876.98,46888.5,0,DOW,15m
2026-03-13 02:00:00,46887.9,46915.46,46881.43,46882.5,0,DOW,15m
2026-03-13 02:15:00,46881.43,46886.96,46866.4,46871.9,0,DOW,15m
2026-03-13 02:30:00,46872.45,46893.2,46857.49,46860.93,0,DOW,15m
2026-03-13 02:45:00,46861.43,46877.48,46853.94,46863.92,0,DOW,15m
2026-03-13 03:00:00,46864.46,46884.2,46851.2,46853.7,0,DOW,15m
2026-03-13 03:15:00,46853.92,46882.48,46845.43,46869.9,0,DOW,15m
2026-03-13 03:30:00,46869.45,46887.98,46847.2,46880.96,0,DOW,15m
2026-03-13 03:45:00,46881.49,46903.5,46880.95,46893.9,0,DOW,15m
2026-03-13 04:00:00,46893.46,46898.96,46865.46,46866.48,0,DOW,15m
2026-03-13 04:15:00,46867.43,46870.4,46820.98,46830.45,0,DOW,15m
2026-03-13 04:30:00,46830.93,46842.9,46807.92,46840.95,0,DOW,15m
2026-03-13 04:45:00,46841.95,46841.95,46822.46,46835.44,0,DOW,15m
2026-03-13 05:00:00,46836.43,46843.9,46808.92,46813.93,0,DOW,15m
2026-03-13 05:15:00,46813.45,46850.2,46812.4,46840.99,0,DOW,15m
2026-03-13 05:30:00,46843.0,46866.43,46834.99,46837.5,0,DOW,15m
2026-03-13 05:45:00,46836.93,46853.98,46833.9,46848.4,0,DOW,15m
2026-03-13 06:00:00,46847.95,46855.92,46818.92,46829.42,0,DOW,15m
2026-03-13 06:15:00,46829.95,46830.9,46762.94,46780.92,0,DOW,15m
2026-03-13 06:30:00,46779.93,46783.45,46716.42,46731.48,0,DOW,15m
2026-03-13 06:45:00,46729.44,46733.94,46672.93,46677.44,0,DOW,15m
2026-03-13 07:00:00,46676.93,46687.5,46574.92,46578.45,0,DOW,15m
2026-03-13 07:15:00,46577.0,46607.96,46536.92,46596.44,0,DOW,15m
2026-03-13 07:30:00,46595.92,46635.9,46592.4,46600.94,0,DOW,15m
2026-03-13 07:45:00,46601.9,46609.9,46530.93,46564.44,0,DOW,15m
2026-03-13 08:00:00,46559.5,46576.95,46435.95,46449.0,0,DOW,15m
2026-03-13 08:15:00,46448.46,46511.96,46427.9,46458.45,0,DOW,15m
2026-03-13 08:30:00,46457.93,46570.98,46455.49,46538.43,0,DOW,15m
2026-03-13 08:45:00,46540.48,46660.9,46522.93,46645.45,0,DOW,15m
2026-03-13 09:00:00,46647.94,46731.48,46645.92,46676.48,0,DOW,15m
2026-03-13 09:15:00,46677.48,46694.95,46646.94,46680.93,0,DOW,15m
2026-03-13 09:30:00,46681.92,46704.2,46656.94,46689.5,0,DOW,15m
2026-03-13 09:45:00,46687.96,46730.92,46670.99,46687.48,0,DOW,15m
2026-03-13 10:00:00,46688.42,46777.43,46681.93,46775.42,0,DOW,15m
2026-03-13 10:15:00,46774.98,46815.49,46762.9,46773.46,0,DOW,15m
2026-03-13 10:30:00,46773.95,46778.5,46743.4,46750.94,0,DOW,15m
2026-03-13 10:45:00,46751.7,46826.95,46739.4,46823.93,0,DOW,15m
2026-03-13 11:00:00,46824.95,46880.4,46795.42,46814.48,0,DOW,15m
2026-03-13 11:15:00,46815.93,46869.98,46789.5,46838.95,0,DOW,15m
2026-03-13 11:30:00,46838.43,46861.46,46811.44,46861.46,0,DOW,15m
2026-03-13 11:45:00,46858.42,46901.2,46840.99,46895.43,0,DOW,15m
2026-03-13 12:00:00,46896.93,46929.2,46838.2,46867.7,0,DOW,15m
2026-03-13 12:15:00,46866.93,46881.42,46828.44,46861.8,0,DOW,15m
2026-03-13 12:30:00,46857.56,46914.94,46849.0,46879.98,0,DOW,15m
2026-03-13 12:45:00,46878.0,47021.0,46876.94,46907.46,0,DOW,15m
2026-03-13 13:00:00,46903.94,46936.43,46863.45,46900.92,0,DOW,15m
2026-03-13 13:15:00,46901.5,46927.45,46881.43,46916.2,0,DOW,15m
2026-03-13 13:30:00,46916.93,47128.92,46896.9,47126.9,0,DOW,15m
2026-03-13 13:45:00,47125.95,47125.95,46933.94,46946.56,0,DOW,15m
2026-03-13 14:00:00,46947.52,47013.2,46858.46,46873.44,0,DOW,15m
2026-03-13 14:15:00,46872.94,46886.2,46787.93,46869.5,0,DOW,15m
2026-03-13 14:30:00,46869.92,46979.2,46801.96,46809.42,0,DOW,15m
2026-03-13 14:45:00,46809.9,46882.42,46717.42,46739.92,0,DOW,15m
2026-03-13 15:00:00,46740.44,46829.95,46680.93,46824.45,0,DOW,15m
2026-03-13 15:15:00,46824.95,46828.99,46669.93,46686.9,0,DOW,15m
2026-03-13 15:30:00,46687.7,46741.95,46635.9,46664.95,0,DOW,15m
2026-03-13 15:45:00,46664.4,46773.49,46642.18,46649.77,0,DOW,15m
2026-03-13 16:00:00,46649.27,46740.08,46642.72,46678.15,0,DOW,15m
2026-03-13 16:15:00,46679.72,46722.77,46625.31,46695.87,0,DOW,15m
2026-03-13 16:30:00,46694.66,46741.82,46624.7,46625.22,0,DOW,15m
2026-03-13 16:45:00,46625.68,46719.78,46599.56,46628.2,0,DOW,15m
2026-03-13 17:00:00,46628.69,46717.7,46607.03,46717.7,0,DOW,15m
2026-03-13 17:15:00,46718.48,46745.15,46646.9,46685.3,0,DOW,15m
2026-03-13 17:30:00,46684.74,46696.74,46637.99,46676.21,0,DOW,15m
2026-03-13 17:45:00,46675.21,46696.88,46557.72,46605.72,0,DOW,15m
2026-03-13 18:00:00,46610.8,46666.36,46601.8,46660.04,0,DOW,15m
2026-03-13 18:15:00,46659.56,46676.52,46592.02,46627.91,0,DOW,15m
2026-03-13 18:30:00,46625.95,46714.83,46615.45,46700.09,0,DOW,15m
2026-03-13 18:45:00,46699.5,46727.65,46657.98,46678.18,0,DOW,15m
2026-03-13 19:00:00,46676.9,46682.95,46629.83,46650.49,0,DOW,15m
2026-03-13 19:15:00,46649.99,46682.22,46562.37,46578.89,0,DOW,15m
2026-03-13 19:30:00,46578.39,46619.28,46500.71,46516.88,0,DOW,15m
2026-03-13 19:45:00,46517.45,46571.64,46494.38,46562.2,0,DOW,15m
2026-03-13 20:00:00,46560.64,46570.68,46504.47,46532.71,0,DOW,15m
2026-03-13 20:15:00,46532.71,46532.71,46532.71,46532.71,0,DOW,15m
2026-03-13 20:30:00,46532.71,46532.71,46532.71,46532.71,0,DOW,15m
2026-03-13 20:45:00,46532.71,46532.71,46532.71,46532.71,0,DOW,15m
2026-03-13 21:00:00,46532.71,46532.71,46532.71,46532.71,0,DOW,15m
2026-03-13 21:15:00,46532.71,46532.71,46532.71,46532.71,0,DOW,15m
2026-03-13 21:30:00,46532.71,46532.71,46532.71,46532.71,0,DOW,15m
2026-03-13 21:45:00,46532.71,46532.71,46532.71,46532.71,0,DOW,15m
2026-03-13 22:00:00,46532.71,46532.71,46532.71,46532.71,0,DOW,15m
2026-03-13 22:15:00,46532.71,46532.71,46532.71,46532.71,0,DOW,15m
2026-03-13 22:30:00,46532.71,46532.71,46532.71,46532.71,0,DOW,15m
2026-03-13 22:45:00,46532.71,46532.71,46532.71,46532.71,0,DOW,15m
2026-03-13 23:00:00,46532.71,46532.71,46532.71,46532.71,0,DOW,15m
2026-03-13 23:15:00,46532.71,46532.71,46532.71,46532.71,0,DOW,15m
2026-03-13 23:30:00,46532.71,46532.71,46532.71,46532.71,0,DOW,15m
2026-03-13 23:45:00,46532.71,46532.71,46532.71,46532.71,0,DOW,15m
2026-03-14 00:00:00,46532.71,46532.71,46532.71,46532.71,0,DOW,15m
2026-03-14 00:15:00,46532.71,46532.71,46532.71,46532.71,0,DOW,15m
2026-03-14 00:30:00,46532.71,46532.71,46532.71,46532.71,0,DOW,15m
2026-03-14 00:45:00,46532.71,46532.71,46532.71,46532.71,0,DOW,15m
2026-03-14 01:00:00,46532.71,46532.71,46532.71,46532.71,0,DOW,15m
2026-03-14 01:15:00,46532.71,46532.71,46532.71,46532.71,0,DOW,15m
2026-03-14 01:30:00,46532.71,46532.71,46532.71,46532.71,0,DOW,15m
2026-03-14 01:45:00,46532.71,46532.71,46532.71,46532.71,0,DOW,15m
2026-03-14 02:00:00,46532.71,46532.71,46532.71,46532.71,0,DOW,15m
2026-03-14 02:15:00,46532.71,46532.71,46532.71,46532.71,0,DOW,15m
2026-03-14 02:30:00,46532.71,46532.71,46532.71,46532.71,0,DOW,15m
2026-03-14 02:45:00,46532.71,46532.71,46532.71,46532.71,0,DOW,15m
2026-03-14 03:00:00,46532.71,46532.71,46532.71,46532.71,0,DOW,15m
2026-03-14 03:15:00,46532.71,46532.71,46532.71,46532.71,0,DOW,15m
2026-03-14 03:30:00,46532.71,46532.71,46532.71,46532.71,0,DOW,15m
2026-03-14 03:45:00,46532.71,46532.71,46532.71,46532.71,0,DOW,15m
2026-03-14 04:00:00,46532.71,46532.71,46532.71,46532.71,0,DOW,15m
2026-03-14 04:15:00,46532.71,46532.71,46532.71,46532.71,0,DOW,15m
2026-03-14 04:30:00,46532.71,46532.71,46532.71,46532.71,0,DOW,15m
2026-03-14 04:45:00,46532.71,46532.71,46532.71,46532.71,0,DOW,15m
2026-03-14 05:00:00,46532.71,46532.71,46532.71,46532.71,0,DOW,15m
2026-03-14 05:15:00,46532.71,46532.71,46532.71,46532.71,0,DOW,15m
2026-03-14 05:30:00,46532.71,46532.71,46532.71,46532.71,0,DOW,15m
2026-03-14 05:45:00,46532.71,46532.71,46532.71,46532.71,0,DOW,15m
2026-03-14 06:00:00,46532.71,46532.71,46532.71,46532.71,0,DOW,15m
2026-03-14 06:15:00,46532.71,46532.71,46532.71,46532.71,0,DOW,15m
2026-03-14 06:30:00,46532.71,46532.71,46532.71,46532.71,0,DOW,15m
2026-03-14 06:45:00,46532.71,46532.71,46532.71,46532.71,0,DOW,15m
2026-03-14 07:00:00,46532.71,46532.71,46532.71,46532.71,0,DOW,15m
2026-03-14 07:15:00,46532.71,46532.71,46532.71,46532.71,0,DOW,15m
2026-03-14 07:30:00,46532.71,46532.71,46532.71,46532.71,0,DOW,15m
2026-03-14 07:45:00,46532.71,46532.71,46532.71,46532.71,0,DOW,15m
2026-03-14 08:00:00,46532.71,46532.71,46532.71,46532.71,0,DOW,15m
2026-03-14 08:15:00,46532.71,46532.71,46532.71,46532.71,0,DOW,15m
2026-03-14 08:30:00,46532.71,46532.71,46532.71,46532.71,0,DOW,15m
2026-03-14 08:45:00,46532.71,46532.71,46532.71,46532.71,0,DOW,15m
2026-03-14 09:00:00,46532.71,46532.71,46532.71,46532.71,0,DOW,15m
2026-03-14 09:15:00,46532.71,46532.71,46532.71,46532.71,0,DOW,15m
2026-03-14 09:30:00,46532.71,46532.71,46532.71,46532.71,0,DOW,15m
2026-03-14 09:45:00,46532.71,46532.71,46532.71,46532.71,0,DOW,15m
2026-03-14 10:00:00,46532.71,46532.71,46532.71,46532.71,0,DOW,15m
2026-03-14 10:15:00,46532.71,46532.71,46532.71,46532.71,0,DOW,15m
2026-03-14 10:30:00,46532.71,46532.71,46532.71,46532.71,0,DOW,15m
2026-03-14 10:45:00,46532.71,46532.71,46532.71,46532.71,0,DOW,15m
2026-03-14 11:00:00,46532.71,46532.71,46532.71,46532.71,0,DOW,15m
2026-03-14 11:15:00,46532.71,46532.71,46532.71,46532.71,0,DOW,15m
2026-03-14 11:30:00,46532.71,46532.71,46532.71,46532.71,0,DOW,15m
2026-03-14 11:45:00,46532.71,46532.71,46532.71,46532.71,0,DOW,15m
2026-03-14 12:00:00,46532.71,46532.71,46532.71,46532.71,0,DOW,15m
2026-03-14 12:15:00,46532.71,46532.71,46532.71,46532.71,0,DOW,15m
2026-03-14 12:30:00,46532.71,46532.71,46532.71,46532.71,0,DOW,15m
2026-03-14 12:45:00,46532.71,46532.71,46532.71,46532.71,0,DOW,15m
2026-03-14 13:00:00,46532.71,46532.71,46532.71,46532.71,0,DOW,15m
2026-03-14 13:15:00,46532.71,46532.71,46532.71,46532.71,0,DOW,15m
2026-03-14 13:30:00,46532.71,46532.71,46532.71,46532.71,0,DOW,15m
2026-03-14 13:45:00,46532.71,46532.71,46532.71,46532.71,0,DOW,15m
2026-03-14 14:00:00,46532.71,46532.71,46532.71,46532.71,0,DOW,15m
2026-03-14 14:15:00,46532.71,46532.71,46532.71,46532.71,0,DOW,15m
2026-03-14 14:30:00,46532.71,46532.71,46532.71,46532.71,0,DOW,15m
2026-03-14 14:45:00,46532.71,46532.71,46532.71,46532.71,0,DOW,15m
2026-03-14 15:00:00,46532.71,46532.71,46532.71,46532.71,0,DOW,15m
2026-03-14 15:15:00,46532.71,46532.71,46532.71,46532.71,0,DOW,15m
2026-03-14 15:30:00,46532.71,46532.71,46532.71,46532.71,0,DOW,15m
2026-03-14 15:45:00,46532.71,46532.71,46532.71,46532.71,0,DOW,15m
2026-03-14 16:00:00,46532.71,46532.71,46532.71,46532.71,0,DOW,15m
2026-03-14 16:15:00,46532.71,46532.71,46532.71,46532.71,0,DOW,15m
2026-03-14 16:30:00,46532.71,46532.71,46532.71,46532.71,0,DOW,15m
2026-03-14 16:45:00,46532.71,46532.71,46532.71,46532.71,0,DOW,15m
2026-03-14 17:00:00,46532.71,46532.71,46532.71,46532.71,0,DOW,15m
2026-03-14 17:15:00,46532.71,46532.71,46532.71,46532.71,0,DOW,15m
2026-03-14 17:30:00,46532.71,46532.71,46532.71,46532.71,0,DOW,15m
2026-03-14 17:45:00,46532.71,46532.71,46532.71,46532.71,0,DOW,15m
2026-03-14 18:00:00,46532.71,46532.71,46532.71,46532.71,0,DOW,15m
2026-03-14 18:15:00,46532.71,46532.71,46532.71,46532.71,0,DOW,15m
2026-03-14 18:30:00,46532.71,46532.71,46532.71,46532.71,0,DOW,15m
2026-03-14 18:45:00,46532.71,46532.71,46532.71,46532.71,0,DOW,15m
2026-03-14 19:00:00,46532.71,46532.71,46532.71,46532.71,0,DOW,15m
2026-03-14 19:15:00,46532.71,46532.71,46532.71,46532.71,0,DOW,15m
2026-03-14 19:30:00,46532.71,46532.71,46532.71,46532.71,0,DOW,15m
2026-03-14 19:45:00,46532.71,46532.71,46532.71,46532.71,0,DOW,15m
2026-03-14 20:00:00,46532.71,46532.71,46532.71,46532.71,0,DOW,15m
2026-03-14 20:15:00,46532.71,46532.71,46532.71,46532.71,0,DOW,15m
2026-03-14 20:30:00,46532.71,46532.71,46532.71,46532.71,0,DOW,15m
2026-03-14 20:45:00,46532.71,46532.71,46532.71,46532.71,0,DOW,15m
2026-03-14 21:00:00,46532.71,46532.71,46532.71,46532.71,0,DOW,15m
2026-03-14 21:15:00,46532.71,46532.71,46532.71,46532.71,0,DOW,15m
2026-03-14 21:30:00,46532.71,46532.71,46532.71,46532.71,0,DOW,15m
2026-03-14 21:45:00,46532.71,46532.71,46532.71,46532.71,0,DOW,15m
2026-03-14 22:00:00,46532.71,46532.71,46532.71,46532.71,0,DOW,15m
2026-03-14 22:15:00,46532.71,46532.71,46532.71,46532.71,0,DOW,15m
2026-03-14 22:30:00,46532.71,46532.71,46532.71,46532.71,0,DOW,15m
2026-03-14 22:45:00,46532.71,46532.71,46532.71,46532.71,0,DOW,15m
2026-03-14 23:00:00,46532.71,46532.71,46532.71,46532.71,0,DOW,15m
2026-03-14 23:15:00,46532.71,46532.71,46532.71,46532.71,0,DOW,15m
2026-03-14 23:30:00,46532.71,46532.71,46532.71,46532.71,0,DOW,15m
2026-03-14 23:45:00,46532.71,46532.71,46532.71,46532.71,0,DOW,15m
2026-03-15 00:00:00,46532.71,46532.71,46532.71,46532.71,0,DOW,15m
2026-03-15 00:15:00,46532.71,46532.71,46532.71,46532.71,0,DOW,15m
2026-03-15 00:30:00,46532.71,46532.71,46532.71,46532.71,0,DOW,15m
2026-03-15 00:45:00,46532.71,46532.71,46532.71,46532.71,0,DOW,15m
2026-03-15 01:00:00,46532.71,46532.71,46532.71,46532.71,0,DOW,15m
2026-03-15 01:15:00,46532.71,46532.71,46532.71,46532.71,0,DOW,15m
2026-03-15 01:30:00,46532.71,46532.71,46532.71,46532.71,0,DOW,15m
2026-03-15 01:45:00,46532.71,46532.71,46532.71,46532.71,0,DOW,15m
2026-03-15 02:00:00,46532.71,46532.71,46532.71,46532.71,0,DOW,15m
2026-03-15 02:15:00,46532.71,46532.71,46532.71,46532.71,0,DOW,15m
2026-03-15 02:30:00,46532.71,46532.71,46532.71,46532.71,0,DOW,15m
2026-03-15 02:45:00,46532.71,46532.71,46532.71,46532.71,0,DOW,15m
2026-03-15 03:00:00,46532.71,46532.71,46532.71,46532.71,0,DOW,15m
2026-03-15 03:15:00,46532.71,46532.71,46532.71,46532.71,0,DOW,15m
2026-03-15 03:30:00,46532.71,46532.71,46532.71,46532.71,0,DOW,15m
2026-03-15 03:45:00,46532.71,46532.71,46532.71,46532.71,0,DOW,15m
2026-03-15 04:00:00,46532.71,46532.71,46532.71,46532.71,0,DOW,15m
2026-03-15 04:15:00,46532.71,46532.71,46532.71,46532.71,0,DOW,15m
2026-03-15 04:30:00,46532.71,46532.71,46532.71,46532.71,0,DOW,15m
2026-03-15 04:45:00,46532.71,46532.71,46532.71,46532.71,0,DOW,15m
2026-03-15 05:00:00,46532.71,46532.71,46532.71,46532.71,0,DOW,15m
2026-03-15 05:15:00,46532.71,46532.71,46532.71,46532.71,0,DOW,15m
2026-03-15 05:30:00,46532.71,46532.71,46532.71,46532.71,0,DOW,15m
2026-03-15 05:45:00,46532.71,46532.71,46532.71,46532.71,0,DOW,15m
2026-03-15 06:00:00,46532.71,46532.71,46532.71,46532.71,0,DOW,15m
2026-03-15 06:15:00,46532.71,46532.71,46532.71,46532.71,0,DOW,15m
2026-03-15 06:30:00,46532.71,46532.71,46532.71,46532.71,0,DOW,15m
2026-03-15 06:45:00,46532.71,46532.71,46532.71,46532.71,0,DOW,15m
2026-03-15 07:00:00,46532.71,46532.71,46532.71,46532.71,0,DOW,15m
2026-03-15 07:15:00,46532.71,46532.71,46532.71,46532.71,0,DOW,15m
2026-03-15 07:30:00,46532.71,46532.71,46532.71,46532.71,0,DOW,15m
2026-03-15 07:45:00,46532.71,46532.71,46532.71,46532.71,0,DOW,15m
2026-03-15 08:00:00,46532.71,46532.71,46532.71,46532.71,0,DOW,15m
2026-03-15 08:15:00,46532.71,46532.71,46532.71,46532.71,0,DOW,15m
2026-03-15 08:30:00,46532.71,46532.71,46532.71,46532.71,0,DOW,15m
2026-03-15 08:45:00,46532.71,46532.71,46532.71,46532.71,0,DOW,15m
2026-03-15 09:00:00,46532.71,46532.71,46532.71,46532.71,0,DOW,15m
2026-03-15 09:15:00,46532.71,46532.71,46532.71,46532.71,0,DOW,15m
2026-03-15 09:30:00,46532.71,46532.71,46532.71,46532.71,0,DOW,15m
2026-03-15 09:45:00,46532.71,46532.71,46532.71,46532.71,0,DOW,15m
2026-03-15 10:00:00,46532.71,46532.71,46532.71,46532.71,0,DOW,15m
2026-03-15 10:15:00,46532.71,46532.71,46532.71,46532.71,0,DOW,15m
2026-03-15 10:30:00,46532.71,46532.71,46532.71,46532.71,0,DOW,15m
2026-03-15 10:45:00,46532.71,46532.71,46532.71,46532.71,0,DOW,15m
2026-03-15 11:00:00,46532.71,46532.71,46532.71,46532.71,0,DOW,15m
2026-03-15 11:15:00,46532.71,46532.71,46532.71,46532.71,0,DOW,15m
2026-03-15 11:30:00,46532.71,46532.71,46532.71,46532.71,0,DOW,15m
2026-03-15 11:45:00,46532.71,46532.71,46532.71,46532.71,0,DOW,15m
2026-03-15 12:00:00,46532.71,46532.71,46532.71,46532.71,0,DOW,15m
2026-03-15 12:15:00,46532.71,46532.71,46532.71,46532.71,0,DOW,15m
2026-03-15 12:30:00,46532.71,46532.71,46532.71,46532.71,0,DOW,15m
2026-03-15 12:45:00,46532.71,46532.71,46532.71,46532.71,0,DOW,15m
2026-03-15 13:00:00,46532.71,46532.71,46532.71,46532.71,0,DOW,15m
2026-03-15 13:15:00,46532.71,46532.71,46532.71,46532.71,0,DOW,15m
2026-03-15 13:30:00,46532.71,46532.71,46532.71,46532.71,0,DOW,15m
2026-03-15 13:45:00,46532.71,46532.71,46532.71,46532.71,0,DOW,15m
2026-03-15 14:00:00,46532.71,46532.71,46532.71,46532.71,0,DOW,15m
2026-03-15 14:15:00,46532.71,46532.71,46532.71,46532.71,0,DOW,15m
2026-03-15 14:30:00,46532.71,46532.71,46532.71,46532.71,0,DOW,15m
2026-03-15 14:45:00,46532.71,46532.71,46532.71,46532.71,0,DOW,15m
2026-03-15 15:00:00,46532.71,46532.71,46532.71,46532.71,0,DOW,15m
2026-03-15 15:15:00,46532.71,46532.71,46532.71,46532.71,0,DOW,15m
2026-03-15 15:30:00,46532.71,46532.71,46532.71,46532.71,0,DOW,15m
2026-03-15 15:45:00,46532.71,46532.71,46532.71,46532.71,0,DOW,15m
2026-03-15 16:00:00,46532.71,46532.71,46532.71,46532.71,0,DOW,15m
2026-03-15 16:15:00,46532.71,46532.71,46532.71,46532.71,0,DOW,15m
2026-03-15 16:30:00,46532.71,46532.71,46532.71,46532.71,0,DOW,15m
2026-03-15 16:45:00,46532.71,46532.71,46532.71,46532.71,0,DOW,15m
2026-03-15 17:00:00,46532.71,46532.71,46532.71,46532.71,0,DOW,15m
2026-03-15 17:15:00,46532.71,46532.71,46532.71,46532.71,0,DOW,15m
2026-03-15 17:30:00,46532.71,46532.71,46532.71,46532.71,0,DOW,15m
2026-03-15 17:45:00,46532.71,46532.71,46532.71,46532.71,0,DOW,15m
2026-03-15 18:00:00,46532.71,46532.71,46532.71,46532.71,0,DOW,15m
2026-03-15 18:15:00,46532.71,46532.71,46532.71,46532.71,0,DOW,15m
2026-03-15 18:30:00,46532.71,46532.71,46532.71,46532.71,0,DOW,15m
2026-03-15 18:45:00,46532.71,46532.71,46532.71,46532.71,0,DOW,15m
2026-03-15 19:00:00,46532.71,46532.71,46532.71,46532.71,0,DOW,15m
2026-03-15 19:15:00,46532.71,46532.71,46532.71,46532.71,0,DOW,15m
2026-03-15 19:30:00,46532.71,46532.71,46532.71,46532.71,0,DOW,15m
2026-03-15 19:45:00,46532.71,46532.71,46532.71,46532.71,0,DOW,15m
2026-03-15 20:00:00,46532.71,46532.71,46532.71,46532.71,0,DOW,15m
2026-03-15 20:15:00,46532.71,46532.71,46532.71,46532.71,0,DOW,15m
2026-03-15 20:30:00,46532.71,46532.71,46532.71,46532.71,0,DOW,15m
2026-03-15 20:45:00,46532.71,46532.71,46532.71,46532.71,0,DOW,15m
2026-03-15 21:00:00,46532.71,46532.71,46532.71,46532.71,0,DOW,15m
2026-03-15 21:15:00,46532.71,46532.71,46532.71,46532.71,0,DOW,15m
2026-03-15 21:30:00,46532.71,46532.71,46532.71,46532.71,0,DOW,15m
2026-03-15 21:45:00,46532.71,46532.71,46532.71,46532.71,0,DOW,15m
2026-03-15 22:00:00,46433.52,46582.6,46397.55,46468.53,0,DOW,15m
2026-03-15 22:15:00,46468.56,46481.6,46418.5,46467.55,0,DOW,15m
2026-03-15 22:30:00,46469.8,46568.5,46440.5,46568.5,0,DOW,15m
2026-03-15 22:45:00,46569.58,46697.95,46540.55,46676.55,0,DOW,15m
2026-03-15 23:00:00,46677.54,46726.58,46618.5,46644.52,0,DOW,15m
2026-03-15 23:15:00,46645.5,46650.8,46602.5,46610.9,0,DOW,15m
2026-03-15 23:30:00,46609.53,46640.53,46580.52,46617.52,0,DOW,15m
2026-03-15 23:45:00,46619.52,46662.49,46617.54,46639.8,0,DOW,15m
2026-03-16 00:00:00,46640.53,46751.2,46627.5,46739.5,0,DOW,15m
2026-03-16 00:15:00,46738.6,46751.95,46676.52,46697.6,0,DOW,15m
2026-03-16 00:30:00,46694.53,46736.5,46689.59,46709.6,0,DOW,15m
2026-03-16 00:45:00,46708.58,46747.2,46704.52,46733.58,0,DOW,15m
2026-03-16 01:00:00,46734.55,46758.9,46709.5,46719.92,0,DOW,15m
2026-03-16 01:15:00,46723.96,46762.48,46711.54,46720.56,0,DOW,15m
2026-03-16 01:30:00,46719.8,46736.94,46679.54,46706.58,0,DOW,15m
2026-03-16 01:45:00,46707.55,46780.44,46705.58,46766.8,0,DOW,15m
2026-03-16 02:00:00,46767.6,46770.96,46728.5,46732.53,0,DOW,15m
2026-03-16 02:15:00,46735.5,46746.94,46704.5,46706.59,0,DOW,15m
2026-03-16 02:30:00,46708.59,46712.9,46689.5,46701.55,0,DOW,15m
2026-03-16 02:45:00,46700.5,46728.6,46689.53,46702.56,0,DOW,15m
2026-03-16 03:00:00,46702.59,46720.99,46700.5,46710.56,0,DOW,15m
2026-03-16 03:15:00,46711.5,46736.59,46706.54,46734.6,0,DOW,15m
2026-03-16 03:30:00,46735.56,46757.9,46734.5,46753.43,0,DOW,15m
2026-03-16 03:45:00,46752.54,46779.46,46747.92,46770.95,0,DOW,15m
2026-03-16 04:00:00,46769.59,46776.7,46756.53,46760.8,0,DOW,15m
2026-03-16 04:15:00,46761.6,46789.98,46760.56,46767.94,0,DOW,15m
2026-03-16 04:30:00,46767.48,46768.96,46744.5,46745.53,0,DOW,15m
2026-03-16 04:45:00,46748.2,46758.48,46726.5,46726.54,0,DOW,15m
2026-03-16 05:00:00,46727.56,46754.93,46727.56,46749.4,0,DOW,15m
2026-03-16 05:15:00,46747.94,46753.2,46719.5,46725.58,0,DOW,15m
2026-03-16 05:30:00,46725.5,46769.0,46715.53,46756.53,0,DOW,15m
2026-03-16 05:45:00,46756.8,46800.94,46756.8,46790.55,0,DOW,15m
2026-03-16 06:00:00,46788.53,46800.92,46781.42,46785.8,0,DOW,15m
2026-03-16 06:15:00,46786.99,46790.96,46749.58,46751.54,0,DOW,15m
2026-03-16 06:30:00,46753.59,46776.0,46751.56,46762.99,0,DOW,15m
2026-03-16 06:45:00,46759.55,46797.95,46756.52,46794.7,0,DOW,15m
2026-03-16 07:00:00,46794.0,46810.8,46757.54,46759.55,0,DOW,15m
2026-03-16 07:15:00,46760.52,46762.4,46718.54,46728.2,0,DOW,15m
2026-03-16 07:30:00,46727.8,46745.99,46660.55,46687.42,0,DOW,15m
2026-03-16 07:45:00,46686.96,46724.99,46671.5,46685.56,0,DOW,15m
2026-03-16 08:00:00,46687.5,46773.94,46687.5,46698.52,0,DOW,15m
2026-03-16 08:15:00,46701.99,46755.58,46670.52,46708.55,0,DOW,15m
2026-03-16 08:30:00,46709.54,46740.96,46656.58,46663.53,0,DOW,15m
2026-03-16 08:45:00,46664.56,46706.2,46638.59,46669.55,0,DOW,15m
2026-03-16 09:00:00,46668.56,46683.4,46604.52,46664.52,0,DOW,15m
2026-03-16 09:15:00,46664.56,46673.95,46623.53,46639.58,0,DOW,15m
2026-03-16 09:30:00,46638.52,46639.45,46583.55,46586.58,0,DOW,15m
2026-03-16 09:45:00,46587.55,46646.94,46573.52,46590.59,0,DOW,15m
2026-03-16 10:00:00,46591.98,46665.92,46581.5,46659.2,0,DOW,15m
2026-03-16 10:15:00,46656.59,46755.0,46649.54,46740.96,0,DOW,15m
2026-03-16 10:30:00,46740.53,46751.52,46700.53,46726.59,0,DOW,15m
2026-03-16 10:45:00,46724.54,46807.56,46710.6,46798.55,0,DOW,15m
2026-03-16 11:00:00,46800.95,46804.45,46764.55,46779.52,0,DOW,15m
2026-03-16 11:15:00,46780.5,46798.0,46739.8,46748.52,0,DOW,15m
2026-03-16 11:30:00,46751.92,46840.0,46741.5,46824.56,0,DOW,15m
2026-03-16 11:45:00,46826.99,46836.8,46795.56,46829.5,0,DOW,15m
2026-03-16 12:00:00,46829.92,46920.46,46827.55,46907.6,0,DOW,15m
2026-03-16 12:15:00,46907.59,46915.43,46863.7,46866.56,0,DOW,15m
2026-03-16 12:30:00,46866.5,46934.95,46866.5,46929.5,0,DOW,15m
2026-03-16 12:45:00,46928.58,46957.5,46877.5,46886.54,0,DOW,15m
2026-03-16 13:00:00,46891.5,46938.2,46885.53,46918.58,0,DOW,15m
2026-03-16 13:15:00,46919.58,46947.98,46902.5,46926.54,0,DOW,15m
2026-03-16 13:30:00,46956.5,47039.48,46853.52,47033.7,0,DOW,15m
2026-03-16 13:45:00,47030.95,47146.2,46999.48,47141.5,0,DOW,15m
2026-03-16 14:00:00,47142.93,47182.5,47062.92,47107.48,0,DOW,15m
2026-03-16 14:15:00,47105.56,47139.68,47062.39,47062.39,0,DOW,15m
2026-03-16 14:30:00,47063.44,47074.17,46873.48,46881.45,0,DOW,15m
2026-03-16 14:45:00,46882.95,47043.08,46824.54,47043.08,0,DOW,15m
2026-03-16 15:00:00,47042.56,47048.48,46915.51,46953.06,0,DOW,15m
2026-03-16 15:15:00,46953.57,47041.96,46918.91,47040.22,0,DOW,15m
2026-03-16 15:30:00,47038.94,47084.22,47017.25,47036.13,0,DOW,15m
2026-03-16 15:45:00,47034.07,47072.98,46919.26,46919.26,0,DOW,15m
2026-03-16 16:00:00,46918.25,46978.86,46885.54,46962.98,0,DOW,15m
2026-03-16 16:15:00,46961.68,46988.73,46816.56,46839.13,0,DOW,15m
2026-03-16 16:30:00,46840.14,46940.36,46810.15,46909.01,0,DOW,15m
2026-03-16 16:45:00,46907.98,46958.7,46872.31,46900.87,0,DOW,15m
2026-03-16 17:00:00,46900.94,46978.22,46900.93,46940.65,0,DOW,15m
2026-03-16 17:15:00,46940.4,46971.98,46892.82,46935.3,0,DOW,15m
2026-03-16 17:30:00,46934.36,46959.85,46899.86,46904.92,0,DOW,15m
2026-03-16 17:45:00,46904.91,46949.24,46832.63,46892.92,0,DOW,15m
2026-03-16 18:00:00,46893.92,46966.46,46891.98,46946.2,0,DOW,15m
2026-03-16 18:15:00,46943.4,47007.88,46941.09,46980.76,0,DOW,15m
2026-03-16 18:30:00,46980.0,47041.58,46971.82,47023.77,0,DOW,15m
2026-03-16 18:45:00,47021.76,47032.04,46965.95,46978.28,0,DOW,15m
2026-03-16 19:00:00,46978.08,47090.98,46960.52,46982.74,0,DOW,15m
2026-03-16 19:15:00,46983.71,47011.8,46926.84,46975.8,0,DOW,15m
2026-03-16 19:30:00,46973.76,46985.82,46898.8,46912.81,0,DOW,15m
2026-03-16 19:45:00,46912.34,46959.1,46900.8,46938.6,0,DOW,15m
2026-03-16 20:00:00,46939.09,46970.39,46922.09,46954.75,0,DOW,15m
2026-03-16 20:15:00,46954.75,46954.75,46954.75,46954.75,0,DOW,15m
2026-03-16 20:30:00,46954.75,46954.75,46954.75,46954.75,0,DOW,15m
2026-03-16 20:45:00,46954.75,46954.75,46954.75,46954.75,0,DOW,15m
2026-03-16 21:00:00,46954.75,46954.75,46954.75,46954.75,0,DOW,15m
2026-03-16 21:15:00,46954.75,46954.75,46954.75,46954.75,0,DOW,15m
2026-03-16 21:30:00,46954.75,46954.75,46954.75,46954.75,0,DOW,15m
2026-03-16 21:45:00,46954.75,46954.75,46954.75,46954.75,0,DOW,15m
2026-03-16 22:00:00,46934.09,46934.09,46885.02,46921.04,0,DOW,15m
2026-03-16 22:15:00,46921.04,46950.44,46902.03,46942.09,0,DOW,15m
2026-03-16 22:30:00,46944.49,46944.7,46902.04,46909.45,0,DOW,15m
2026-03-16 22:45:00,46908.08,46912.4,46893.03,46899.0,0,DOW,15m
2026-03-16 23:00:00,46898.04,46923.46,46898.02,46916.94,0,DOW,15m
2026-03-16 23:15:00,46916.4,46922.3,46904.3,46922.0,0,DOW,15m
2026-03-16 23:30:00,46921.02,46942.7,46920.0,46934.3,0,DOW,15m
2026-03-16 23:45:00,46936.04,46945.7,46916.03,46932.02,0,DOW,15m
2026-03-17 00:00:00,46932.96,46933.49,46881.0,46881.0,0,DOW,15m
2026-03-17 00:15:00,46882.42,46889.98,46848.02,46861.04,0,DOW,15m
2026-03-17 00:30:00,46861.03,46893.7,46852.0,46856.44,0,DOW,15m
2026-03-17 00:45:00,46855.02,46865.5,46822.06,46831.43,0,DOW,15m
2026-03-17 01:00:00,46830.08,46869.48,46830.0,46855.02,0,DOW,15m
2026-03-17 01:15:00,46855.06,46861.5,46838.0,46855.02,0,DOW,15m
2026-03-17 01:30:00,46856.02,46887.43,46848.05,46862.04,0,DOW,15m
2026-03-17 01:45:00,46864.1,46878.99,46850.3,46874.09,0,DOW,15m
2026-03-17 02:00:00,46873.0,46875.7,46846.02,46864.04,0,DOW,15m
2026-03-17 02:15:00,46863.06,46866.45,46846.09,46858.48,0,DOW,15m
2026-03-17 02:30:00,46857.0,46871.43,46847.02,46851.05,0,DOW,15m
2026-03-17 02:45:00,46852.0,46853.48,46817.0,46818.06,0,DOW,15m
2026-03-17 03:00:00,46819.02,46845.9,46809.03,46841.09,0,DOW,15m
2026-03-17 03:15:00,46842.3,46860.04,46831.03,46834.1,0,DOW,15m
2026-03-17 03:30:00,46836.05,46843.98,46803.0,46811.1,0,DOW,15m
2026-03-17 03:45:00,46812.1,46838.96,46807.0,46818.03,0,DOW,15m
2026-03-17 04:00:00,46819.1,46827.46,46810.0,46820.05,0,DOW,15m
2026-03-17 04:15:00,46821.05,46835.45,46811.0,46831.03,0,DOW,15m
2026-03-17 04:30:00,46834.5,46863.7,46831.02,46863.46,0,DOW,15m
2026-03-17 04:45:00,46863.95,46886.5,46860.03,46868.04,0,DOW,15m
2026-03-17 05:00:00,46866.0,46883.44,46860.08,46879.06,0,DOW,15m
2026-03-17 05:15:00,46878.0,46884.3,46870.08,46875.02,0,DOW,15m
2026-03-17 05:30:00,46876.0,46881.95,46846.03,46848.03,0,DOW,15m
2026-03-17 05:45:00,46847.05,46848.3,46741.02,46744.05,0,DOW,15m
2026-03-17 06:00:00,46744.06,46753.1,46682.0,46699.3,0,DOW,15m
2026-03-17 06:15:00,46700.1,46744.9,46686.05,46727.02,0,DOW,15m
2026-03-17 06:30:00,46726.08,46740.02,46703.02,46732.1,0,DOW,15m
2026-03-17 06:45:00,46732.09,46734.49,46703.05,46720.08,0,DOW,15m
2026-03-17 07:00:00,46720.0,46740.46,46695.02,46722.3,0,DOW,15m
2026-03-17 07:15:00,46721.04,46796.99,46714.06,46789.09,0,DOW,15m
2026-03-17 07:30:00,46788.08,46816.99,46776.09,46779.08,0,DOW,15m
2026-03-17 07:45:00,46776.02,46782.09,46745.03,46760.0,0,DOW,15m
2026-03-17 08:00:00,46760.02,46816.3,46755.0,46766.06,0,DOW,15m
2026-03-17 08:15:00,46765.08,46815.06,46755.08,46761.02,0,DOW,15m
2026-03-17 08:30:00,46763.04,46846.1,46738.02,46830.09,0,DOW,15m
2026-03-17 08:45:00,46832.1,46842.3,46757.0,46804.09,0,DOW,15m
2026-03-17 09:00:00,46804.3,46857.1,46804.3,46846.06,0,DOW,15m
2026-03-17 09:15:00,46847.3,46950.45,46831.08,46945.04,0,DOW,15m
2026-03-17 09:30:00,46946.3,46952.06,46899.04,46930.1,0,DOW,15m
2026-03-17 09:45:00,46931.3,46944.3,46911.0,46935.06,0,DOW,15m
2026-03-17 10:00:00,46934.03,46945.3,46888.04,46897.06,0,DOW,15m
2026-03-17 10:15:00,46899.45,46899.45,46842.1,46857.04,0,DOW,15m
2026-03-17 10:30:00,46857.05,46899.09,46852.06,46876.03,0,DOW,15m
2026-03-17 10:45:00,46878.05,46907.96,46866.04,46904.05,0,DOW,15m
2026-03-17 11:00:00,46901.09,46931.09,46891.08,46897.0,0,DOW,15m
2026-03-17 11:15:00,46897.08,46948.08,46892.0,46926.09,0,DOW,15m
2026-03-17 11:30:00,46927.09,46964.06,46904.02,46949.03,0,DOW,15m
2026-03-17 11:45:00,46947.05,46962.7,46901.0,46904.05,0,DOW,15m
2026-03-17 12:00:00,46905.06,47043.42,46904.0,47030.04,0,DOW,15m
2026-03-17 12:15:00,47031.09,47068.9,47013.03,47064.06,0,DOW,15m
2026-03-17 12:30:00,47062.1,47132.46,47062.1,47109.05,0,DOW,15m
2026-03-17 12:45:00,47109.94,47110.1,47078.04,47107.08,0,DOW,15m
2026-03-17 13:00:00,47109.06,47175.5,47104.02,47164.46,0,DOW,15m
2026-03-17 13:15:00,47164.0,47269.0,47151.03,47253.08,0,DOW,15m
2026-03-17 13:30:00,47253.03,47431.9,47245.06,47342.99,0,DOW,15m
2026-03-17 13:45:00,47344.0,47410.49,47319.94,47332.32,0,DOW,15m
2026-03-17 14:00:00,47328.36,47328.36,47189.11,47190.64,0,DOW,15m
2026-03-17 14:15:00,47189.15,47197.83,47062.54,47117.22,0,DOW,15m
2026-03-17 14:30:00,47117.66,47212.33,47091.16,47206.32,0,DOW,15m
2026-03-17 14:45:00,47205.82,47229.56,47180.39,47205.94,0,DOW,15m
2026-03-17 15:00:00,47206.39,47219.79,47101.74,47131.96,0,DOW,15m
2026-03-17 15:15:00,47131.0,47198.8,47107.15,47124.21,0,DOW,15m
2026-03-17 15:30:00,47123.7,47162.46,47025.01,47072.97,0,DOW,15m
2026-03-17 15:45:00,47070.17,47097.88,47030.19,47051.08,0,DOW,15m
2026-03-17 16:00:00,47051.62,47078.78,46989.91,47030.45,0,DOW,15m
2026-03-17 16:15:00,47030.95,47094.25,47016.89,47064.96,0,DOW,15m
2026-03-17 16:30:00,47064.45,47091.96,47020.63,47091.96,0,DOW,15m
2026-03-17 16:45:00,47091.42,47105.92,47045.74,47052.44,0,DOW,15m
2026-03-17 17:00:00,47052.23,47124.39,47050.54,47109.78,0,DOW,15m
2026-03-17 17:15:00,47109.59,47114.2,47073.98,47101.23,0,DOW,15m
2026-03-17 17:30:00,47102.26,47122.78,47053.11,47061.58,0,DOW,15m
2026-03-17 17:45:00,47062.03,47098.35,47034.14,47074.94,0,DOW,15m
2026-03-17 18:00:00,47077.44,47120.76,47043.54,47096.0,0,DOW,15m
2026-03-17 18:15:00,47097.0,47109.33,47002.2,47011.17,0,DOW,15m
2026-03-17 18:30:00,47010.75,47049.8,47004.77,47037.81,0,DOW,15m
2026-03-17 18:45:00,47037.58,47088.32,47036.39,47051.7,0,DOW,15m
2026-03-17 19:00:00,47053.74,47057.94,47018.81,47047.68,0,DOW,15m
2026-03-17 19:15:00,47046.66,47071.06,47011.19,47016.11,0,DOW,15m
2026-03-17 19:30:00,47017.37,47036.05,47014.42,47026.26,0,DOW,15m
2026-03-17 19:45:00,47027.48,47053.9,46974.33,47003.17,0,DOW,15m
2026-03-17 20:00:00,47000.69,47018.14,46987.39,47013.12,0,DOW,15m
2026-03-17 20:15:00,47013.12,47013.12,47013.12,47013.12,0,DOW,15m
2026-03-17 20:30:00,47013.12,47013.12,47013.12,47013.12,0,DOW,15m
2026-03-17 20:45:00,47013.12,47013.12,47013.12,47013.12,0,DOW,15m
2026-03-17 21:00:00,47013.12,47013.12,47013.12,47013.12,0,DOW,15m
2026-03-17 21:15:00,47013.12,47013.12,47013.12,47013.12,0,DOW,15m
2026-03-17 21:30:00,47013.12,47013.12,47013.12,47013.12,0,DOW,15m
2026-03-17 21:45:00,47013.12,47013.12,47013.12,47013.12,0,DOW,15m
2026-03-17 22:00:00,47014.08,47018.2,46983.02,46995.03,0,DOW,15m
2026-03-17 22:15:00,46996.48,46997.2,46972.4,46985.46,0,DOW,15m
2026-03-17 22:30:00,46985.94,46996.5,46952.0,46956.94,0,DOW,15m
2026-03-17 22:45:00,46957.4,46986.7,46950.44,46981.49,0,DOW,15m
2026-03-17 23:00:00,46980.7,46990.4,46965.46,46972.44,0,DOW,15m
2026-03-17 23:15:00,46972.99,46996.7,46966.92,46966.92,0,DOW,15m
2026-03-17 23:30:00,46964.46,46973.45,46940.93,46950.5,0,DOW,15m
2026-03-17 23:45:00,46949.44,46955.48,46943.43,46949.5,0,DOW,15m
2026-03-18 00:00:00,46943.4,47009.5,46940.4,47008.0,0,DOW,15m
2026-03-18 00:15:00,47008.43,47013.49,46986.96,47000.5,0,DOW,15m
2026-03-18 00:30:00,46998.5,47010.95,46990.45,47008.0,0,DOW,15m
2026-03-18 00:45:00,47007.44,47044.94,47005.93,47038.7,0,DOW,15m
2026-03-18 01:00:00,47039.42,47063.48,47038.48,47062.99,0,DOW,15m
2026-03-18 01:15:00,47063.42,47087.45,47062.92,47080.48,0,DOW,15m
2026-03-18 01:30:00,47079.92,47089.42,47073.4,47086.49,0,DOW,15m
2026-03-18 01:45:00,47086.93,47087.43,47063.46,47084.48,0,DOW,15m
2026-03-18 02:00:00,47083.44,47110.7,47083.44,47108.43,0,DOW,15m
2026-03-18 02:15:00,47107.2,47135.98,47100.49,47128.99,0,DOW,15m
2026-03-18 02:30:00,47129.7,47153.0,47129.7,47139.46,0,DOW,15m
2026-03-18 02:45:00,47139.95,47146.46,47133.42,47141.99,0,DOW,15m
2026-03-18 03:00:00,47142.5,47150.5,47136.2,47149.42,0,DOW,15m
2026-03-18 03:15:00,47148.9,47158.99,47142.4,47147.93,0,DOW,15m
2026-03-18 03:30:00,47148.7,47159.44,47146.48,47157.42,0,DOW,15m
2026-03-18 03:45:00,47157.94,47187.46,47157.94,47179.96,0,DOW,15m
2026-03-18 04:00:00,47179.42,47206.48,47179.42,47203.46,0,DOW,15m
2026-03-18 04:15:00,47203.96,47216.2,47201.44,47208.43,0,DOW,15m
2026-03-18 04:30:00,47209.0,47213.96,47197.42,47205.99,0,DOW,15m
2026-03-18 04:45:00,47205.43,47237.96,47204.46,47220.95,0,DOW,15m
2026-03-18 05:00:00,47221.44,47236.42,47214.44,47234.44,0,DOW,15m
2026-03-18 05:15:00,47233.44,47244.9,47231.4,47238.48,0,DOW,15m
2026-03-18 05:30:00,47239.44,47248.49,47234.96,47242.49,0,DOW,15m
2026-03-18 05:45:00,47244.43,47244.94,47219.94,47238.45,0,DOW,15m
2026-03-18 06:00:00,47237.98,47263.45,47230.4,47257.45,0,DOW,15m
2026-03-18 06:15:00,47257.9,47303.94,47250.4,47299.45,0,DOW,15m
2026-03-18 06:30:00,47297.46,47305.5,47280.4,47291.0,0,DOW,15m
2026-03-18 06:45:00,47290.5,47294.96,47270.42,47272.0,0,DOW,15m
2026-03-18 07:00:00,47273.95,47283.98,47259.4,47273.45,0,DOW,15m
2026-03-18 07:15:00,47274.95,47285.92,47256.48,47265.93,0,DOW,15m
2026-03-18 07:30:00,47265.7,47277.2,47253.48,47268.42,0,DOW,15m
2026-03-18 07:45:00,47269.42,47270.42,47241.96,47247.45,0,DOW,15m
2026-03-18 08:00:00,47247.2,47295.93,47232.95,47284.5,0,DOW,15m
2026-03-18 08:15:00,47285.44,47292.45,47250.49,47252.42,0,DOW,15m
2026-03-18 08:30:00,47249.43,47266.7,47236.99,47252.2,0,DOW,15m
2026-03-18 08:45:00,47251.43,47284.95,47245.5,47268.7,0,DOW,15m
2026-03-18 09:00:00,47268.0,47283.5,47235.48,47235.93,0,DOW,15m
2026-03-18 09:15:00,47235.45,47276.45,47234.49,47260.92,0,DOW,15m
2026-03-18 09:30:00,47264.7,47273.46,47248.45,47268.4,0,DOW,15m
2026-03-18 09:45:00,47267.99,47273.45,47238.93,47251.45,0,DOW,15m
2026-03-18 10:00:00,47250.43,47262.96,47235.45,47261.5,0,DOW,15m
2026-03-18 10:15:00,47260.9,47271.2,47244.49,47245.95,0,DOW,15m
2026-03-18 10:30:00,47245.43,47259.93,47231.96,47238.48,0,DOW,15m
2026-03-18 10:45:00,47238.92,47243.49,47207.44,47213.46,0,DOW,15m
2026-03-18 11:00:00,47212.42,47245.96,47199.4,47233.0,0,DOW,15m
2026-03-18 11:15:00,47233.93,47255.94,47113.9,47115.93,0,DOW,15m
2026-03-18 11:30:00,47111.98,47206.48,47099.44,47182.0,0,DOW,15m
2026-03-18 11:45:00,47181.7,47190.44,47147.42,47150.4,0,DOW,15m
2026-03-18 12:00:00,47150.94,47161.44,47030.45,47064.45,0,DOW,15m
2026-03-18 12:15:00,47065.0,47071.93,46974.48,47036.03,0,DOW,15m
2026-03-18 12:30:00,47038.04,47039.04,46797.5,46816.93,0,DOW,15m
2026-03-18 12:45:00,46817.1,46832.7,46735.0,46750.7,0,DOW,15m
2026-03-18 13:00:00,46749.93,46777.93,46713.4,46735.2,0,DOW,15m
2026-03-18 13:15:00,46735.42,46804.44,46706.44,46781.49,0,DOW,15m
2026-03-18 13:30:00,46782.95,46883.2,46718.45,46790.92,0,DOW,15m
2026-03-18 13:45:00,46790.46,46882.9,46743.93,46814.09,0,DOW,15m
2026-03-18 14:00:00,46824.04,46824.04,46601.95,46602.45,0,DOW,15m
2026-03-18 14:15:00,46602.94,46642.44,46533.92,46551.2,0,DOW,15m
2026-03-18 14:30:00,46549.93,46612.43,46522.44,46541.92,0,DOW,15m
2026-03-18 14:45:00,46540.98,46598.0,46514.42,46596.43,0,DOW,15m
2026-03-18 15:00:00,46595.9,46679.93,46583.92,46635.9,0,DOW,15m
2026-03-18 15:15:00,46637.2,46651.98,46540.94,46562.96,0,DOW,15m
2026-03-18 15:30:00,46561.95,46618.7,46545.95,46574.0,0,DOW,15m
2026-03-18 15:45:00,46570.43,46596.96,46538.95,46557.94,0,DOW,15m
2026-03-18 16:00:00,46558.9,46589.0,46508.49,46583.99,0,DOW,15m
2026-03-18 16:15:00,46584.49,46612.98,46547.94,46596.95,0,DOW,15m
2026-03-18 16:30:00,46596.43,46613.95,46512.96,46562.96,0,DOW,15m
2026-03-18 16:45:00,46562.49,46632.45,46544.93,46587.42,0,DOW,15m
2026-03-18 17:00:00,46587.92,46598.0,46522.49,46537.92,0,DOW,15m
2026-03-18 17:15:00,46537.5,46576.95,46525.92,46533.0,0,DOW,15m
2026-03-18 17:30:00,46533.93,46569.42,46476.99,46529.98,0,DOW,15m
2026-03-18 17:45:00,46530.44,46576.99,46510.48,46569.5,0,DOW,15m
2026-03-18 18:00:00,46569.54,46615.93,46549.44,46584.93,0,DOW,15m
2026-03-18 18:15:00,46585.7,46585.7,46482.93,46535.49,0,DOW,15m
2026-03-18 18:30:00,46527.95,46546.92,46382.45,46423.98,0,DOW,15m
2026-03-18 18:45:00,46423.46,46427.2,46300.92,46312.92,0,DOW,15m
2026-03-18 19:00:00,46312.49,46395.0,46304.99,46343.0,0,DOW,15m
2026-03-18 19:15:00,46342.5,46362.99,46244.94,46257.92,0,DOW,15m
2026-03-18 19:30:00,46258.92,46278.99,46191.42,46205.9,0,DOW,15m
2026-03-18 19:45:00,46206.94,46242.92,46179.93,46214.92,0,DOW,15m
2026-03-18 20:00:00,46213.93,46220.43,46097.9,46102.96,0,DOW,15m
2026-03-18 20:15:00,46102.96,46102.96,46102.96,46102.96,0,DOW,15m
2026-03-18 20:30:00,46102.96,46102.96,46102.96,46102.96,0,DOW,15m
2026-03-18 20:45:00,46102.96,46102.96,46102.96,46102.96,0,DOW,15m
2026-03-18 21:00:00,46102.96,46102.96,46102.96,46102.96,0,DOW,15m
2026-03-18 21:15:00,46102.96,46102.96,46102.96,46102.96,0,DOW,15m
2026-03-18 21:30:00,46102.96,46102.96,46102.96,46102.96,0,DOW,15m
2026-03-18 21:45:00,46102.96,46102.96,46102.96,46102.96,0,DOW,15m
2026-03-18 22:00:00,46172.54,46175.8,46105.59,46126.93,0,DOW,15m
2026-03-18 22:15:00,46125.9,46136.48,46093.2,46100.49,0,DOW,15m
2026-03-18 22:30:00,46099.46,46115.2,46083.48,46090.2,0,DOW,15m
2026-03-18 22:45:00,46090.42,46118.96,46087.93,46114.92,0,DOW,15m
2026-03-18 23:00:00,46115.4,46151.98,46107.46,46143.99,0,DOW,15m
2026-03-18 23:15:00,46143.45,46166.46,46134.98,46161.49,0,DOW,15m
2026-03-18 23:30:00,46161.9,46190.46,46146.42,46157.5,0,DOW,15m
2026-03-18 23:45:00,46160.95,46175.99,46124.49,46162.46,0,DOW,15m
2026-03-19 00:00:00,46163.0,46202.99,46136.48,46167.48,0,DOW,15m
2026-03-19 00:15:00,46166.93,46178.98,46129.43,46166.99,0,DOW,15m
2026-03-19 00:30:00,46167.93,46182.45,46098.8,46102.48,0,DOW,15m
2026-03-19 00:45:00,46102.92,46149.49,46097.45,46146.49,0,DOW,15m
2026-03-19 01:00:00,46146.96,46151.93,46118.7,46146.95,0,DOW,15m
2026-03-19 01:15:00,46146.48,46188.93,46142.9,46179.44,0,DOW,15m
2026-03-19 01:30:00,46180.0,46204.9,46165.4,46198.46,0,DOW,15m
2026-03-19 01:45:00,46197.44,46210.43,46165.4,46168.2,0,DOW,15m
2026-03-19 02:00:00,46168.45,46238.92,46133.9,46225.5,0,DOW,15m
2026-03-19 02:15:00,46224.99,46271.5,46216.48,46256.48,0,DOW,15m
2026-03-19 02:30:00,46256.93,46308.2,46255.4,46292.99,0,DOW,15m
2026-03-19 02:45:00,46292.43,46296.48,46258.92,46268.46,0,DOW,15m
2026-03-19 03:00:00,46268.98,46299.0,46268.98,46292.98,0,DOW,15m
2026-03-19 03:15:00,46293.45,46296.4,46281.43,46282.48,0,DOW,15m
2026-03-19 03:30:00,46282.2,46283.2,46264.92,46273.44,0,DOW,15m
2026-03-19 03:45:00,46274.94,46290.2,46257.5,46257.92,0,DOW,15m
2026-03-19 04:00:00,46257.2,46257.2,46219.44,46234.0,0,DOW,15m
2026-03-19 04:15:00,46234.44,46238.99,46215.46,46228.46,0,DOW,15m
2026-03-19 04:30:00,46227.9,46239.94,46202.2,46214.45,0,DOW,15m
2026-03-19 04:45:00,46213.92,46227.0,46197.45,46223.5,0,DOW,15m
2026-03-19 05:00:00,46224.44,46244.2,46208.94,46232.48,0,DOW,15m
2026-03-19 05:15:00,46231.98,46243.49,46207.44,46210.93,0,DOW,15m
2026-03-19 05:30:00,46210.44,46216.5,46145.43,46154.45,0,DOW,15m
2026-03-19 05:45:00,46152.7,46204.2,46147.58,46171.42,0,DOW,15m
2026-03-19 06:00:00,46172.46,46230.0,46163.99,46224.9,0,DOW,15m
2026-03-19 06:15:00,46223.4,46253.0,46192.42,46194.98,0,DOW,15m
2026-03-19 06:30:00,46200.96,46214.95,46164.48,46197.43,0,DOW,15m
2026-03-19 06:45:00,46198.42,46217.93,46179.43,46209.94,0,DOW,15m
2026-03-19 07:00:00,46210.48,46218.46,46135.95,46158.94,0,DOW,15m
2026-03-19 07:15:00,46159.4,46241.2,46159.4,46190.49,0,DOW,15m
2026-03-19 07:30:00,46189.93,46201.42,46124.98,46138.5,0,DOW,15m
2026-03-19 07:45:00,46139.5,46167.7,46092.96,46126.2,0,DOW,15m
2026-03-19 08:00:00,46126.4,46187.49,46106.96,46159.99,0,DOW,15m
2026-03-19 08:15:00,46162.46,46186.0,46078.9,46095.44,0,DOW,15m
2026-03-19 08:30:00,46094.6,46127.99,46037.5,46045.48,0,DOW,15m
2026-03-19 08:45:00,46044.43,46151.7,46041.46,46106.5,0,DOW,15m
2026-03-19 09:00:00,46107.93,46179.95,46107.93,46150.44,0,DOW,15m
2026-03-19 09:15:00,46151.4,46189.4,46012.46,46038.44,0,DOW,15m
2026-03-19 09:30:00,46034.49,46135.48,46032.4,46096.7,0,DOW,15m
2026-03-19 09:45:00,46093.93,46271.49,46091.45,46241.7,0,DOW,15m
2026-03-19 10:00:00,46239.43,46241.42,46183.94,46186.4,0,DOW,15m
2026-03-19 10:15:00,46187.42,46210.43,46164.98,46200.45,0,DOW,15m
2026-03-19 10:30:00,46199.93,46217.5,46148.2,46169.0,0,DOW,15m
2026-03-19 10:45:00,46168.4,46178.46,46130.92,46147.0,0,DOW,15m
2026-03-19 11:00:00,46148.43,46189.98,46126.43,46148.95,0,DOW,15m
2026-03-19 11:15:00,46148.5,46162.94,46064.93,46101.95,0,DOW,15m
2026-03-19 11:30:00,46101.7,46125.48,46028.44,46036.94,0,DOW,15m
2026-03-19 11:45:00,46037.46,46117.7,46030.92,46116.2,0,DOW,15m
2026-03-19 12:00:00,46115.4,46139.2,46003.43,46055.0,0,DOW,15m
2026-03-19 12:15:00,46054.48,46077.93,45919.2,45938.55,0,DOW,15m
2026-03-19 12:30:00,45937.55,45983.7,45896.2,45972.0,0,DOW,15m
2026-03-19 12:45:00,45972.43,45974.99,45873.44,45916.48,0,DOW,15m
2026-03-19 13:00:00,45921.93,45928.4,45843.58,45844.54,0,DOW,15m
2026-03-19 13:15:00,45839.54,46041.8,45826.54,45907.8,0,DOW,15m
2026-03-19 13:30:00,45899.55,46009.0,45785.99,45992.43,0,DOW,15m
2026-03-19 13:45:00,45992.2,46080.2,45929.92,46020.58,0,DOW,15m
2026-03-19 14:00:00,46015.8,46065.45,45924.7,45925.95,0,DOW,15m
2026-03-19 14:15:00,45925.42,45945.94,45743.93,45760.98,0,DOW,15m
2026-03-19 14:30:00,45760.43,45975.98,45752.92,45862.44,0,DOW,15m
2026-03-19 14:45:00,45863.42,45906.96,45824.92,45853.2,0,DOW,15m
2026-03-19 15:00:00,45853.5,46018.48,45839.9,45971.45,0,DOW,15m
2026-03-19 15:15:00,45973.0,45992.94,45826.49,45878.99,0,DOW,15m
2026-03-19 15:30:00,45876.4,45888.94,45772.94,45773.92,0,DOW,15m
2026-03-19 15:45:00,45774.42,45860.49,45749.98,45858.44,0,DOW,15m
2026-03-19 16:00:00,45857.99,45967.0,45819.98,45869.46,0,DOW,15m
2026-03-19 16:15:00,45868.96,45900.9,45827.92,45884.49,0,DOW,15m
2026-03-19 16:30:00,45884.99,45957.5,45844.5,45930.48,0,DOW,15m
2026-03-19 16:45:00,45930.98,45937.98,45791.0,45828.94,0,DOW,15m
2026-03-19 17:00:00,45828.48,45843.93,45723.92,45738.2,0,DOW,15m
2026-03-19 17:15:00,45738.98,45888.92,45730.95,45858.96,0,DOW,15m
2026-03-19 17:30:00,45860.95,45875.96,45785.9,45809.98,0,DOW,15m
2026-03-19 17:45:00,45810.94,45902.98,45800.92,45839.94,0,DOW,15m
2026-03-19 18:00:00,45838.95,45946.2,45812.49,45935.43,0,DOW,15m
2026-03-19 18:15:00,45935.92,45950.4,45828.95,45829.95,0,DOW,15m
2026-03-19 18:30:00,45831.2,45841.92,45765.9,45775.48,0,DOW,15m
2026-03-19 18:45:00,45772.0,45967.5,45764.99,45950.7,0,DOW,15m
2026-03-19 19:00:00,45948.4,46250.94,45942.43,46200.48,0,DOW,15m
2026-03-19 19:15:00,46200.9,46231.99,46038.93,46066.49,0,DOW,15m
2026-03-19 19:30:00,46066.92,46125.48,45999.43,46098.4,0,DOW,15m
2026-03-19 19:45:00,46096.7,46103.48,46004.93,46024.93,0,DOW,15m
2026-03-19 20:00:00,46021.44,46102.45,45985.42,46101.9,0,DOW,15m
2026-03-19 20:15:00,46101.9,46101.9,46101.9,46101.9,0,DOW,15m
2026-03-19 20:30:00,46101.9,46101.9,46101.9,46101.9,0,DOW,15m
2026-03-19 20:45:00,46101.9,46101.9,46101.9,46101.9,0,DOW,15m
2026-03-19 21:00:00,46101.9,46101.9,46101.9,46101.9,0,DOW,15m
2026-03-19 21:15:00,46101.9,46101.9,46101.9,46101.9,0,DOW,15m
2026-03-19 21:30:00,46101.9,46101.9,46101.9,46101.9,0,DOW,15m
2026-03-19 21:45:00,46101.9,46101.9,46101.9,46101.9,0,DOW,15m
2026-03-19 22:00:00,46128.5,46151.48,46080.55,46109.94,0,DOW,15m
2026-03-19 22:15:00,46107.55,46158.49,46106.44,46151.93,0,DOW,15m
2026-03-19 22:30:00,46150.94,46171.0,46139.4,46153.92,0,DOW,15m
2026-03-19 22:45:00,46152.92,46157.49,46130.93,46148.98,0,DOW,15m
2026-03-19 23:00:00,46147.4,46181.43,46139.43,46157.94,0,DOW,15m
2026-03-19 23:15:00,46157.44,46161.93,46130.43,46139.49,0,DOW,15m
2026-03-19 23:30:00,46139.96,46158.48,46132.98,46135.96,0,DOW,15m
2026-03-19 23:45:00,46134.92,46160.48,46120.5,46135.2,0,DOW,15m
2026-03-20 00:00:00,46132.9,46177.0,46102.48,46165.42,0,DOW,15m
2026-03-20 00:15:00,46165.96,46166.44,46093.43,46111.43,0,DOW,15m
2026-03-20 00:30:00,46112.44,46136.4,46105.45,46117.42,0,DOW,15m
2026-03-20 00:45:00,46121.0,46130.93,46106.92,46117.45,0,DOW,15m
2026-03-20 01:00:00,46118.9,46171.0,46109.5,46162.96,0,DOW,15m
2026-03-20 01:15:00,46162.49,46170.5,46120.49,46164.93,0,DOW,15m
2026-03-20 01:30:00,46164.2,46220.99,46164.2,46220.99,0,DOW,15m
2026-03-20 01:45:00,46221.4,46239.96,46159.2,46170.96,0,DOW,15m
2026-03-20 02:00:00,46176.4,46190.7,46163.7,46182.99,0,DOW,15m
2026-03-20 02:15:00,46183.96,46191.44,46173.92,46175.43,0,DOW,15m
2026-03-20 02:30:00,46175.92,46179.46,46153.42,46173.95,0,DOW,15m
2026-03-20 02:45:00,46172.95,46193.4,46160.44,46160.44,0,DOW,15m
2026-03-20 03:00:00,46159.49,46167.7,46142.93,46146.94,0,DOW,15m
2026-03-20 03:15:00,46147.48,46156.2,46126.96,46144.2,0,DOW,15m
2026-03-20 03:30:00,46143.49,46164.43,46137.94,46141.45,0,DOW,15m
2026-03-20 03:45:00,46140.99,46149.0,46131.0,46141.5,0,DOW,15m
2026-03-20 04:00:00,46142.45,46156.99,46137.45,46140.99,0,DOW,15m
2026-03-20 04:15:00,46141.99,46141.99,46118.45,46138.2,0,DOW,15m
2026-03-20 04:30:00,46139.99,46144.7,46125.46,46128.99,0,DOW,15m
2026-03-20 04:45:00,46127.96,46127.96,46109.0,46110.94,0,DOW,15m
2026-03-20 05:00:00,46109.99,46110.95,46081.9,46095.99,0,DOW,15m
2026-03-20 05:15:00,46096.93,46134.93,46095.94,46131.94,0,DOW,15m
2026-03-20 05:30:00,46132.45,46134.5,46113.2,46129.48,0,DOW,15m
2026-03-20 05:45:00,46129.96,46141.94,46117.2,46120.94,0,DOW,15m
2026-03-20 06:00:00,46120.46,46137.7,46103.9,46111.99,0,DOW,15m
2026-03-20 06:15:00,46111.49,46112.7,46059.42,46070.42,0,DOW,15m
2026-03-20 06:30:00,46070.9,46081.98,46036.58,46053.4,0,DOW,15m
2026-03-20 06:45:00,46052.95,46052.95,46011.9,46027.2,0,DOW,15m
2026-03-20 07:00:00,46023.7,46029.98,45963.4,46024.96,0,DOW,15m
2026-03-20 07:15:00,46020.94,46091.2,46018.43,46084.96,0,DOW,15m
2026-03-20 07:30:00,46083.93,46146.0,46079.0,46145.44,0,DOW,15m
2026-03-20 07:45:00,46144.4,46152.99,46132.48,46144.93,0,DOW,15m
2026-03-20 08:00:00,46143.42,46171.43,46109.58,46170.96,0,DOW,15m
2026-03-20 08:15:00,46168.93,46175.5,46088.94,46088.94,0,DOW,15m
2026-03-20 08:30:00,46090.49,46157.2,46073.9,46093.2,0,DOW,15m
2026-03-20 08:45:00,46094.45,46115.99,46069.93,46076.49,0,DOW,15m
2026-03-20 09:00:00,46076.9,46108.4,46036.92,46041.44,0,DOW,15m
2026-03-20 09:15:00,46038.93,46044.0,45966.9,45972.45,0,DOW,15m
2026-03-20 09:30:00,45971.42,46022.99,45930.9,45954.94,0,DOW,15m
2026-03-20 09:45:00,45955.46,45959.49,45830.4,45866.45,0,DOW,15m
2026-03-20 10:00:00,45865.98,45879.98,45719.92,45759.5,0,DOW,15m
2026-03-20 10:15:00,45758.48,45779.49,45706.7,45754.2,0,DOW,15m
2026-03-20 10:30:00,45753.44,45882.93,45750.9,45860.96,0,DOW,15m
2026-03-20 10:45:00,45860.48,45861.9,45813.92,45823.49,0,DOW,15m
2026-03-20 11:00:00,45818.7,45939.95,45817.9,45913.46,0,DOW,15m
2026-03-20 11:15:00,45912.98,45933.42,45885.9,45904.9,0,DOW,15m
2026-03-20 11:30:00,45905.4,45926.49,45871.48,45896.46,0,DOW,15m
2026-03-20 11:45:00,45897.44,45908.2,45842.46,45901.4,0,DOW,15m
2026-03-20 12:00:00,45900.94,45966.0,45855.0,45914.98,0,DOW,15m
2026-03-20 12:15:00,45913.99,45939.0,45868.45,45935.7,0,DOW,15m
2026-03-20 12:30:00,45933.96,45938.49,45842.5,45876.44,0,DOW,15m
2026-03-20 12:45:00,45874.7,45946.49,45867.99,45924.2,0,DOW,15m
2026-03-20 13:00:00,45922.94,45945.44,45849.92,45877.95,0,DOW,15m
2026-03-20 13:15:00,45877.5,45932.46,45862.49,45887.95,0,DOW,15m
2026-03-20 13:30:00,45886.44,46007.94,45838.99,46004.44,0,DOW,15m
2026-03-20 13:45:00,46004.0,46062.9,45862.4,45870.7,0,DOW,15m
2026-03-20 14:00:00,45869.2,45917.94,45723.4,45740.48,0,DOW,15m
2026-03-20 14:15:00,45737.0,45781.99,45698.44,45708.4,0,DOW,15m
2026-03-20 14:30:00,45707.45,45858.96,45707.45,45771.96,0,DOW,15m
2026-03-20 14:45:00,45772.42,45831.44,45677.96,45720.96,0,DOW,15m
2026-03-20 15:00:00,45720.44,45842.06,45720.44,45835.05,0,DOW,15m
2026-03-20 15:15:00,45836.02,45843.28,45690.65,45722.32,0,DOW,15m
2026-03-20 15:30:00,45723.07,45787.66,45712.0,45761.46,0,DOW,15m
2026-03-20 15:45:00,45760.17,45808.45,45726.58,45795.01,0,DOW,15m
2026-03-20 16:00:00,45796.54,45863.02,45782.54,45812.26,0,DOW,15m
2026-03-20 16:15:00,45813.26,45865.26,45779.1,45821.71,0,DOW,15m
2026-03-20 16:30:00,45823.48,45823.48,45732.28,45801.98,0,DOW,15m
2026-03-20 16:45:00,45803.23,45873.27,45757.95,45836.63,0,DOW,15m
2026-03-20 17:00:00,45839.54,45899.36,45777.62,45819.77,0,DOW,15m
2026-03-20 17:15:00,45820.32,45879.83,45807.32,45828.25,0,DOW,15m
2026-03-20 17:30:00,45829.72,45839.66,45721.9,45774.96,0,DOW,15m
2026-03-20 17:45:00,45776.43,45801.75,45734.94,45781.71,0,DOW,15m
2026-03-20 18:00:00,45783.09,45807.98,45690.41,45716.14,0,DOW,15m
2026-03-20 18:15:00,45717.68,45727.98,45561.99,45614.71,0,DOW,15m
2026-03-20 18:30:00,45613.46,45627.27,45514.42,45531.12,0,DOW,15m
2026-03-20 18:45:00,45530.17,45549.32,45505.76,45541.42,0,DOW,15m
2026-03-20 19:00:00,45541.98,45585.58,45513.3,45545.86,0,DOW,15m
2026-03-20 19:15:00,45545.4,45558.72,45473.42,45512.33,0,DOW,15m
2026-03-20 19:30:00,45513.35,45540.7,45367.24,45517.22,0,DOW,15m
2026-03-20 19:45:00,45515.7,45629.16,45423.9,45605.47,0,DOW,15m
2026-03-20 20:00:00,45605.92,45749.68,45589.46,45740.53,0,DOW,15m
2026-03-20 20:15:00,45740.53,45740.53,45740.53,45740.53,0,DOW,15m
2026-03-20 20:30:00,45740.53,45740.53,45740.53,45740.53,0,DOW,15m
2026-03-20 20:45:00,45740.53,45740.53,45740.53,45740.53,0,DOW,15m
2026-03-20 21:00:00,45740.53,45740.53,45740.53,45740.53,0,DOW,15m
2026-03-20 21:15:00,45740.53,45740.53,45740.53,45740.53,0,DOW,15m
2026-03-20 21:30:00,45740.53,45740.53,45740.53,45740.53,0,DOW,15m
2026-03-20 21:45:00,45740.53,45740.53,45740.53,45740.53,0,DOW,15m
2026-03-20 22:00:00,45740.53,45740.53,45740.53,45740.53,0,DOW,15m
2026-03-20 22:15:00,45740.53,45740.53,45740.53,45740.53,0,DOW,15m
2026-03-20 22:30:00,45740.53,45740.53,45740.53,45740.53,0,DOW,15m
2026-03-20 22:45:00,45740.53,45740.53,45740.53,45740.53,0,DOW,15m
2026-03-20 23:00:00,45740.53,45740.53,45740.53,45740.53,0,DOW,15m
2026-03-20 23:15:00,45740.53,45740.53,45740.53,45740.53,0,DOW,15m
2026-03-20 23:30:00,45740.53,45740.53,45740.53,45740.53,0,DOW,15m
2026-03-20 23:45:00,45740.53,45740.53,45740.53,45740.53,0,DOW,15m
2026-03-21 00:00:00,45740.53,45740.53,45740.53,45740.53,0,DOW,15m
2026-03-21 00:15:00,45740.53,45740.53,45740.53,45740.53,0,DOW,15m
2026-03-21 00:30:00,45740.53,45740.53,45740.53,45740.53,0,DOW,15m
2026-03-21 00:45:00,45740.53,45740.53,45740.53,45740.53,0,DOW,15m
2026-03-21 01:00:00,45740.53,45740.53,45740.53,45740.53,0,DOW,15m
2026-03-21 01:15:00,45740.53,45740.53,45740.53,45740.53,0,DOW,15m
2026-03-21 01:30:00,45740.53,45740.53,45740.53,45740.53,0,DOW,15m
2026-03-21 01:45:00,45740.53,45740.53,45740.53,45740.53,0,DOW,15m
2026-03-21 02:00:00,45740.53,45740.53,45740.53,45740.53,0,DOW,15m
2026-03-21 02:15:00,45740.53,45740.53,45740.53,45740.53,0,DOW,15m
2026-03-21 02:30:00,45740.53,45740.53,45740.53,45740.53,0,DOW,15m
2026-03-21 02:45:00,45740.53,45740.53,45740.53,45740.53,0,DOW,15m
2026-03-21 03:00:00,45740.53,45740.53,45740.53,45740.53,0,DOW,15m
2026-03-21 03:15:00,45740.53,45740.53,45740.53,45740.53,0,DOW,15m
2026-03-21 03:30:00,45740.53,45740.53,45740.53,45740.53,0,DOW,15m
2026-03-21 03:45:00,45740.53,45740.53,45740.53,45740.53,0,DOW,15m
2026-03-21 04:00:00,45740.53,45740.53,45740.53,45740.53,0,DOW,15m
2026-03-21 04:15:00,45740.53,45740.53,45740.53,45740.53,0,DOW,15m
2026-03-21 04:30:00,45740.53,45740.53,45740.53,45740.53,0,DOW,15m
2026-03-21 04:45:00,45740.53,45740.53,45740.53,45740.53,0,DOW,15m
2026-03-21 05:00:00,45740.53,45740.53,45740.53,45740.53,0,DOW,15m
2026-03-21 05:15:00,45740.53,45740.53,45740.53,45740.53,0,DOW,15m
2026-03-21 05:30:00,45740.53,45740.53,45740.53,45740.53,0,DOW,15m
2026-03-21 05:45:00,45740.53,45740.53,45740.53,45740.53,0,DOW,15m
2026-03-21 06:00:00,45740.53,45740.53,45740.53,45740.53,0,DOW,15m
2026-03-21 06:15:00,45740.53,45740.53,45740.53,45740.53,0,DOW,15m
2026-03-21 06:30:00,45740.53,45740.53,45740.53,45740.53,0,DOW,15m
2026-03-21 06:45:00,45740.53,45740.53,45740.53,45740.53,0,DOW,15m
2026-03-21 07:00:00,45740.53,45740.53,45740.53,45740.53,0,DOW,15m
2026-03-21 07:15:00,45740.53,45740.53,45740.53,45740.53,0,DOW,15m
2026-03-21 07:30:00,45740.53,45740.53,45740.53,45740.53,0,DOW,15m
2026-03-21 07:45:00,45740.53,45740.53,45740.53,45740.53,0,DOW,15m
2026-03-21 08:00:00,45740.53,45740.53,45740.53,45740.53,0,DOW,15m
2026-03-21 08:15:00,45740.53,45740.53,45740.53,45740.53,0,DOW,15m
2026-03-21 08:30:00,45740.53,45740.53,45740.53,45740.53,0,DOW,15m
2026-03-21 08:45:00,45740.53,45740.53,45740.53,45740.53,0,DOW,15m
2026-03-21 09:00:00,45740.53,45740.53,45740.53,45740.53,0,DOW,15m
2026-03-21 09:15:00,45740.53,45740.53,45740.53,45740.53,0,DOW,15m
2026-03-21 09:30:00,45740.53,45740.53,45740.53,45740.53,0,DOW,15m
2026-03-21 09:45:00,45740.53,45740.53,45740.53,45740.53,0,DOW,15m
2026-03-21 10:00:00,45740.53,45740.53,45740.53,45740.53,0,DOW,15m
2026-03-21 10:15:00,45740.53,45740.53,45740.53,45740.53,0,DOW,15m
2026-03-21 10:30:00,45740.53,45740.53,45740.53,45740.53,0,DOW,15m
2026-03-21 10:45:00,45740.53,45740.53,45740.53,45740.53,0,DOW,15m
2026-03-21 11:00:00,45740.53,45740.53,45740.53,45740.53,0,DOW,15m
2026-03-21 11:15:00,45740.53,45740.53,45740.53,45740.53,0,DOW,15m
2026-03-21 11:30:00,45740.53,45740.53,45740.53,45740.53,0,DOW,15m
2026-03-21 11:45:00,45740.53,45740.53,45740.53,45740.53,0,DOW,15m
2026-03-21 12:00:00,45740.53,45740.53,45740.53,45740.53,0,DOW,15m
2026-03-21 12:15:00,45740.53,45740.53,45740.53,45740.53,0,DOW,15m
2026-03-21 12:30:00,45740.53,45740.53,45740.53,45740.53,0,DOW,15m
2026-03-21 12:45:00,45740.53,45740.53,45740.53,45740.53,0,DOW,15m
2026-03-21 13:00:00,45740.53,45740.53,45740.53,45740.53,0,DOW,15m
2026-03-21 13:15:00,45740.53,45740.53,45740.53,45740.53,0,DOW,15m
2026-03-21 13:30:00,45740.53,45740.53,45740.53,45740.53,0,DOW,15m
2026-03-21 13:45:00,45740.53,45740.53,45740.53,45740.53,0,DOW,15m
2026-03-21 14:00:00,45740.53,45740.53,45740.53,45740.53,0,DOW,15m
2026-03-21 14:15:00,45740.53,45740.53,45740.53,45740.53,0,DOW,15m
2026-03-21 14:30:00,45740.53,45740.53,45740.53,45740.53,0,DOW,15m
2026-03-21 14:45:00,45740.53,45740.53,45740.53,45740.53,0,DOW,15m
2026-03-21 15:00:00,45740.53,45740.53,45740.53,45740.53,0,DOW,15m
2026-03-21 15:15:00,45740.53,45740.53,45740.53,45740.53,0,DOW,15m
2026-03-21 15:30:00,45740.53,45740.53,45740.53,45740.53,0,DOW,15m
2026-03-21 15:45:00,45740.53,45740.53,45740.53,45740.53,0,DOW,15m
2026-03-21 16:00:00,45740.53,45740.53,45740.53,45740.53,0,DOW,15m
2026-03-21 16:15:00,45740.53,45740.53,45740.53,45740.53,0,DOW,15m
2026-03-21 16:30:00,45740.53,45740.53,45740.53,45740.53,0,DOW,15m
2026-03-21 16:45:00,45740.53,45740.53,45740.53,45740.53,0,DOW,15m
2026-03-21 17:00:00,45740.53,45740.53,45740.53,45740.53,0,DOW,15m
2026-03-21 17:15:00,45740.53,45740.53,45740.53,45740.53,0,DOW,15m
2026-03-21 17:30:00,45740.53,45740.53,45740.53,45740.53,0,DOW,15m
2026-03-21 17:45:00,45740.53,45740.53,45740.53,45740.53,0,DOW,15m
2026-03-21 18:00:00,45740.53,45740.53,45740.53,45740.53,0,DOW,15m
2026-03-21 18:15:00,45740.53,45740.53,45740.53,45740.53,0,DOW,15m
2026-03-21 18:30:00,45740.53,45740.53,45740.53,45740.53,0,DOW,15m
2026-03-21 18:45:00,45740.53,45740.53,45740.53,45740.53,0,DOW,15m
2026-03-21 19:00:00,45740.53,45740.53,45740.53,45740.53,0,DOW,15m
2026-03-21 19:15:00,45740.53,45740.53,45740.53,45740.53,0,DOW,15m
2026-03-21 19:30:00,45740.53,45740.53,45740.53,45740.53,0,DOW,15m
2026-03-21 19:45:00,45740.53,45740.53,45740.53,45740.53,0,DOW,15m
2026-03-21 20:00:00,45740.53,45740.53,45740.53,45740.53,0,DOW,15m
2026-03-21 20:15:00,45740.53,45740.53,45740.53,45740.53,0,DOW,15m
2026-03-21 20:30:00,45740.53,45740.53,45740.53,45740.53,0,DOW,15m
2026-03-21 20:45:00,45740.53,45740.53,45740.53,45740.53,0,DOW,15m
2026-03-21 21:00:00,45740.53,45740.53,45740.53,45740.53,0,DOW,15m
2026-03-21 21:15:00,45740.53,45740.53,45740.53,45740.53,0,DOW,15m
2026-03-21 21:30:00,45740.53,45740.53,45740.53,45740.53,0,DOW,15m
2026-03-21 21:45:00,45740.53,45740.53,45740.53,45740.53,0,DOW,15m
2026-03-21 22:00:00,45740.53,45740.53,45740.53,45740.53,0,DOW,15m
2026-03-21 22:15:00,45740.53,45740.53,45740.53,45740.53,0,DOW,15m
2026-03-21 22:30:00,45740.53,45740.53,45740.53,45740.53,0,DOW,15m
2026-03-21 22:45:00,45740.53,45740.53,45740.53,45740.53,0,DOW,15m
2026-03-21 23:00:00,45740.53,45740.53,45740.53,45740.53,0,DOW,15m
2026-03-21 23:15:00,45740.53,45740.53,45740.53,45740.53,0,DOW,15m
2026-03-21 23:30:00,45740.53,45740.53,45740.53,45740.53,0,DOW,15m
2026-03-21 23:45:00,45740.53,45740.53,45740.53,45740.53,0,DOW,15m
2026-03-22 00:00:00,45740.53,45740.53,45740.53,45740.53,0,DOW,15m
2026-03-22 00:15:00,45740.53,45740.53,45740.53,45740.53,0,DOW,15m
2026-03-22 00:30:00,45740.53,45740.53,45740.53,45740.53,0,DOW,15m
2026-03-22 00:45:00,45740.53,45740.53,45740.53,45740.53,0,DOW,15m
2026-03-22 01:00:00,45740.53,45740.53,45740.53,45740.53,0,DOW,15m
2026-03-22 01:15:00,45740.53,45740.53,45740.53,45740.53,0,DOW,15m
2026-03-22 01:30:00,45740.53,45740.53,45740.53,45740.53,0,DOW,15m
2026-03-22 01:45:00,45740.53,45740.53,45740.53,45740.53,0,DOW,15m
2026-03-22 02:00:00,45740.53,45740.53,45740.53,45740.53,0,DOW,15m
2026-03-22 02:15:00,45740.53,45740.53,45740.53,45740.53,0,DOW,15m
2026-03-22 02:30:00,45740.53,45740.53,45740.53,45740.53,0,DOW,15m
2026-03-22 02:45:00,45740.53,45740.53,45740.53,45740.53,0,DOW,15m
2026-03-22 03:00:00,45740.53,45740.53,45740.53,45740.53,0,DOW,15m
2026-03-22 03:15:00,45740.53,45740.53,45740.53,45740.53,0,DOW,15m
2026-03-22 03:30:00,45740.53,45740.53,45740.53,45740.53,0,DOW,15m
2026-03-22 03:45:00,45740.53,45740.53,45740.53,45740.53,0,DOW,15m
2026-03-22 04:00:00,45740.53,45740.53,45740.53,45740.53,0,DOW,15m
2026-03-22 04:15:00,45740.53,45740.53,45740.53,45740.53,0,DOW,15m
2026-03-22 04:30:00,45740.53,45740.53,45740.53,45740.53,0,DOW,15m
2026-03-22 04:45:00,45740.53,45740.53,45740.53,45740.53,0,DOW,15m
2026-03-22 05:00:00,45740.53,45740.53,45740.53,45740.53,0,DOW,15m
2026-03-22 05:15:00,45740.53,45740.53,45740.53,45740.53,0,DOW,15m
2026-03-22 05:30:00,45740.53,45740.53,45740.53,45740.53,0,DOW,15m
2026-03-22 05:45:00,45740.53,45740.53,45740.53,45740.53,0,DOW,15m
2026-03-22 06:00:00,45740.53,45740.53,45740.53,45740.53,0,DOW,15m
2026-03-22 06:15:00,45740.53,45740.53,45740.53,45740.53,0,DOW,15m
2026-03-22 06:30:00,45740.53,45740.53,45740.53,45740.53,0,DOW,15m
2026-03-22 06:45:00,45740.53,45740.53,45740.53,45740.53,0,DOW,15m
2026-03-22 07:00:00,45740.53,45740.53,45740.53,45740.53,0,DOW,15m
2026-03-22 07:15:00,45740.53,45740.53,45740.53,45740.53,0,DOW,15m
2026-03-22 07:30:00,45740.53,45740.53,45740.53,45740.53,0,DOW,15m
2026-03-22 07:45:00,45740.53,45740.53,45740.53,45740.53,0,DOW,15m
2026-03-22 08:00:00,45740.53,45740.53,45740.53,45740.53,0,DOW,15m
2026-03-22 08:15:00,45740.53,45740.53,45740.53,45740.53,0,DOW,15m
2026-03-22 08:30:00,45740.53,45740.53,45740.53,45740.53,0,DOW,15m
2026-03-22 08:45:00,45740.53,45740.53,45740.53,45740.53,0,DOW,15m
2026-03-22 09:00:00,45740.53,45740.53,45740.53,45740.53,0,DOW,15m
2026-03-22 09:15:00,45740.53,45740.53,45740.53,45740.53,0,DOW,15m
2026-03-22 09:30:00,45740.53,45740.53,45740.53,45740.53,0,DOW,15m
2026-03-22 09:45:00,45740.53,45740.53,45740.53,45740.53,0,DOW,15m
2026-03-22 10:00:00,45740.53,45740.53,45740.53,45740.53,0,DOW,15m
2026-03-22 10:15:00,45740.53,45740.53,45740.53,45740.53,0,DOW,15m
2026-03-22 10:30:00,45740.53,45740.53,45740.53,45740.53,0,DOW,15m
2026-03-22 10:45:00,45740.53,45740.53,45740.53,45740.53,0,DOW,15m
2026-03-22 11:00:00,45740.53,45740.53,45740.53,45740.53,0,DOW,15m
2026-03-22 11:15:00,45740.53,45740.53,45740.53,45740.53,0,DOW,15m
2026-03-22 11:30:00,45740.53,45740.53,45740.53,45740.53,0,DOW,15m
2026-03-22 11:45:00,45740.53,45740.53,45740.53,45740.53,0,DOW,15m
2026-03-22 12:00:00,45740.53,45740.53,45740.53,45740.53,0,DOW,15m
2026-03-22 12:15:00,45740.53,45740.53,45740.53,45740.53,0,DOW,15m
2026-03-22 12:30:00,45740.53,45740.53,45740.53,45740.53,0,DOW,15m
2026-03-22 12:45:00,45740.53,45740.53,45740.53,45740.53,0,DOW,15m
2026-03-22 13:00:00,45740.53,45740.53,45740.53,45740.53,0,DOW,15m
2026-03-22 13:15:00,45740.53,45740.53,45740.53,45740.53,0,DOW,15m
2026-03-22 13:30:00,45740.53,45740.53,45740.53,45740.53,0,DOW,15m
2026-03-22 13:45:00,45740.53,45740.53,45740.53,45740.53,0,DOW,15m
2026-03-22 14:00:00,45740.53,45740.53,45740.53,45740.53,0,DOW,15m
2026-03-22 14:15:00,45740.53,45740.53,45740.53,45740.53,0,DOW,15m
2026-03-22 14:30:00,45740.53,45740.53,45740.53,45740.53,0,DOW,15m
2026-03-22 14:45:00,45740.53,45740.53,45740.53,45740.53,0,DOW,15m
2026-03-22 15:00:00,45740.53,45740.53,45740.53,45740.53,0,DOW,15m
2026-03-22 15:15:00,45740.53,45740.53,45740.53,45740.53,0,DOW,15m
2026-03-22 15:30:00,45740.53,45740.53,45740.53,45740.53,0,DOW,15m
2026-03-22 15:45:00,45740.53,45740.53,45740.53,45740.53,0,DOW,15m
2026-03-22 16:00:00,45740.53,45740.53,45740.53,45740.53,0,DOW,15m
2026-03-22 16:15:00,45740.53,45740.53,45740.53,45740.53,0,DOW,15m
2026-03-22 16:30:00,45740.53,45740.53,45740.53,45740.53,0,DOW,15m
2026-03-22 16:45:00,45740.53,45740.53,45740.53,45740.53,0,DOW,15m
2026-03-22 17:00:00,45740.53,45740.53,45740.53,45740.53,0,DOW,15m
2026-03-22 17:15:00,45740.53,45740.53,45740.53,45740.53,0,DOW,15m
2026-03-22 17:30:00,45740.53,45740.53,45740.53,45740.53,0,DOW,15m
2026-03-22 17:45:00,45740.53,45740.53,45740.53,45740.53,0,DOW,15m
2026-03-22 18:00:00,45740.53,45740.53,45740.53,45740.53,0,DOW,15m
2026-03-22 18:15:00,45740.53,45740.53,45740.53,45740.53,0,DOW,15m
2026-03-22 18:30:00,45740.53,45740.53,45740.53,45740.53,0,DOW,15m
2026-03-22 18:45:00,45740.53,45740.53,45740.53,45740.53,0,DOW,15m
2026-03-22 19:00:00,45740.53,45740.53,45740.53,45740.53,0,DOW,15m
2026-03-22 19:15:00,45740.53,45740.53,45740.53,45740.53,0,DOW,15m
2026-03-22 19:30:00,45740.53,45740.53,45740.53,45740.53,0,DOW,15m
2026-03-22 19:45:00,45740.53,45740.53,45740.53,45740.53,0,DOW,15m
2026-03-22 20:00:00,45740.53,45740.53,45740.53,45740.53,0,DOW,15m
2026-03-22 20:15:00,45740.53,45740.53,45740.53,45740.53,0,DOW,15m
2026-03-22 20:30:00,45740.53,45740.53,45740.53,45740.53,0,DOW,15m
2026-03-22 20:45:00,45740.53,45740.53,45740.53,45740.53,0,DOW,15m
2026-03-22 21:00:00,45740.53,45740.53,45740.53,45740.53,0,DOW,15m
2026-03-22 21:15:00,45740.53,45740.53,45740.53,45740.53,0,DOW,15m
2026-03-22 21:30:00,45740.53,45740.53,45740.53,45740.53,0,DOW,15m
2026-03-22 21:45:00,45740.53,45740.53,45740.53,45740.53,0,DOW,15m
2026-03-22 22:00:00,45337.56,45475.43,45285.54,45447.2,0,DOW,15m
2026-03-22 22:15:00,45441.8,45666.99,45427.52,45619.95,0,DOW,15m
2026-03-22 22:30:00,45621.48,45650.0,45546.5,45550.8,0,DOW,15m
2026-03-22 22:45:00,45554.0,45591.7,45549.54,45566.44,0,DOW,15m
2026-03-22 23:00:00,45567.42,45625.45,45567.42,45620.43,0,DOW,15m
2026-03-22 23:15:00,45620.95,45626.49,45554.44,45556.5,0,DOW,15m
2026-03-22 23:30:00,45555.95,45568.5,45535.46,45549.45,0,DOW,15m
2026-03-22 23:45:00,45550.43,45557.44,45497.99,45533.92,0,DOW,15m
